city,station_id,State Code,County Code,Site Number,Latitude,Longitude,Datum,Elevation,Land Use,Location Setting,Site Established Date,Site Closed Date,Met Site State Code,Met Site County Code,Met Site Site Number,Met Site Type,Met Site Distance,Met Site Direction,GMT Offset,Owning Agency,Local Site Name,Address,Zip Code,State Name,County Name,City Name,CBSA Name,Tribe Name,Extraction Date,gmt_offset_hours
Atlanta,13-089-0002,13,089,0002,33.6878,-84.2905,NAD83,308,RESIDENTIAL,SUBURBAN,1974-01-01,,,,,,,,-5,Georgia Air Protection Branch Ambient Monitoring Program,South DeKalb,"2300-C Wildcat Road, Decatur GA 30034",30034,Georgia,DeKalb,Not in a City,"Atlanta-Sandy Springs-Roswell, GA",,2026-06-26,-5
Atlanta,13-089-0003,13,089,0003,33.698643,-84.272614,NAD83,238,COMMERCIAL,SUBURBAN,1986-07-01,,,,,,,,-5,Georgia Air Protection Branch Ambient Monitoring Program,NR-285,"3073 PANTHERSVILLE ROAD, DECATUR, GA 30034",30034,Georgia,DeKalb,Atlanta,"Atlanta-Sandy Springs-Roswell, GA",,2026-06-26,-5
Atlanta,13-121-0056,13,121,0056,33.7784,-84.3914,NAD83,286,MOBILE,URBAN AND CENTER CITY,2014-06-15,,,,,,,,-5,Georgia Air Protection Branch Ambient Monitoring Program,NR-GA Tech,"Georgia Institute of Technology, 6th Street and I-75, Atlanta, GA 30313",30313,Georgia,Fulton,Atlanta,"Atlanta-Sandy Springs-Roswell, GA",,2026-06-26,-5
Chicago,17-031-0076,17,031,0076,41.7514,-87.713488,WGS84,186,RESIDENTIAL,SUBURBAN,2000-01-01,,,,,,,,-6,Cook County Department of Environmental Control,COM ED MAINTENANCE BLDG,7801 LAWNDALE,60652,Illinois,Cook,Chicago,"Chicago-Naperville-Elgin, IL-IN-WI",,2026-06-26,-6
Chicago,17-031-3103,17,031,3103,41.965193,-87.876265,WGS84,195,MOBILE,SUBURBAN,1998-01-01,,,,,,,,-6,Illinois Environmental Protection Agency,IEPA TRAILER,4743 MANNHEIM RD.,60176,Illinois,Cook,Schiller Park,"Chicago-Naperville-Elgin, IL-IN-WI",,2026-06-26,-6
Chicago,17-031-4002,17,031,4002,41.855243,-87.75247,WGS84,184,RESIDENTIAL,SUBURBAN,1983-01-01,,,,,,,,-6,Cook County Department of Environmental Control,COOK COUNTY TRAILER,1820 S. 51ST AVE.,60804,Illinois,Cook,Cicero,"Chicago-Naperville-Elgin, IL-IN-WI",,2026-06-26,-6
Chicago,17-031-0219,17,031,0219,41.920009,-87.672995,NAD83,3,COMMERCIAL,URBAN AND CENTER CITY,2019-07-26,,,,,,,,-6,Illinois Environmental Protection Agency,Kennedy Near Road 2,Kennedy Expressway West,60614,Illinois,Cook,Chicago,"Chicago-Naperville-Elgin, IL-IN-WI",,2026-06-26,-6
Dallas,48-113-0069,48,113,0069,32.820061,-96.860117,WGS84,126.5,COMMERCIAL,URBAN AND CENTER CITY,1986-01-01,2025-10-31,,,,ON-SITE MET EQUIP,,,-6,Texas Commission On Environmental Quality,Dallas Hinton,1415 Hinton Street,75235,Texas,Dallas,Dallas,"Dallas-Fort Worth-Arlington, TX",,2026-06-26,-6
Dallas,48-113-0075,48,113,0075,32.919207,-96.808501,WGS84,190.8,RESIDENTIAL,SUBURBAN,1998-11-02,,,,,ON-SITE MET EQUIP,,,-6,Texas Commission On Environmental Quality,Dallas North #2,12532 1/2 Nuestra Drive,75230,Texas,Dallas,Dallas,"Dallas-Fort Worth-Arlington, TX",,2026-06-26,-6
Dallas,48-113-0087,48,113,0087,32.676448,-96.87205,WGS84,206,COMMERCIAL,SUBURBAN,1995-01-01,,,,,ON-SITE MET EQUIP,,,-6,Texas Commission On Environmental Quality,Dallas Redbird Airport Executive,3277 W Redbird Lane,75237,Texas,Dallas,Dallas,"Dallas-Fort Worth-Arlington, TX",,2026-06-26,-6
Dallas,48-113-1067,48,113,1067,32.92115,-96.753522,WGS84,177,COMMERCIAL,URBAN AND CENTER CITY,2014-04-01,,,,,ON-SITE MET EQUIP,,,-6,Texas Commission On Environmental Quality,Dallas LBJ Freeway,8652 LBJ Freeway,75243,Texas,Dallas,Dallas,"Dallas-Fort Worth-Arlington, TX",,2026-06-26,-6
Denver,08-001-3001,08,001,3001,39.838119,-104.94984,WGS84,1554,AGRICULTURAL,RURAL,1973-07-01,,,,,ON-SITE MET EQUIP,,,-7,Colorado Department of Public Health And Environment,Welby,3174 E. 78TH AVE.,80229,Colorado,Adams,Welby,"Denver-Aurora-Lakewood, CO",,2026-06-26,-7
Denver,08-031-0002,08,031,0002,39.751184,-104.987625,WGS84,1593,COMMERCIAL,URBAN AND CENTER CITY,1965-01-01,,,,,ON-SITE MET EQUIP,,,-7,Colorado Department of Public Health And Environment,DENVER - CAMP,2105 BROADWAY,80205,Colorado,Denver,Denver,"Denver-Aurora-Lakewood, CO",,2026-06-26,-7
Denver,08-031-0026,08,031,0026,39.77949,-105.00518,WGS84,1602,RESIDENTIAL,URBAN AND CENTER CITY,2012-09-27,,,,,,,,-7,Colorado Department of Public Health And Environment,La Casa,4545 Navajo St.,80211,Colorado,Denver,Denver,"Denver-Aurora-Lakewood, CO",,2026-06-26,-7
Denver,08-031-0027,08,031,0027,39.73217,-105.0153,WGS84,1583,COMMERCIAL,URBAN AND CENTER CITY,2013-06-01,,,,,,,,-7,Colorado Department of Public Health And Environment,I-25,971 Yuma Street,80204,Colorado,Denver,Denver,"Denver-Aurora-Lakewood, CO",,2026-06-26,-7
Denver,08-031-0028,08,031,0028,39.7861,-104.9886,WGS84,1587,COMMERCIAL,URBAN AND CENTER CITY,2015-10-01,,,,,,,,-7,Colorado Department of Public Health And Environment,Globeville,4903 Acoma St.,80216,Colorado,Denver,Denver,"Denver-Aurora-Lakewood, CO",,2026-06-26,-7
Houston,48-201-0024,48,201,0024,29.90103,-95.326147,WGS84,24.1,RESIDENTIAL,SUBURBAN,1974-01-01,,,,,ON-SITE MET EQUIP,,,-6,Texas Commission On Environmental Quality,Houston Aldine,4510 1/2 Aldine Mail Rd,77039,Texas,Harris,Houston,"Houston-The Woodlands-Sugar Land, TX",,2026-06-26,-6
Houston,48-201-0026,48,201,0026,29.802716,-95.125516,WGS84,11.9,RESIDENTIAL,SUBURBAN,1980-01-01,,,,,ON-SITE MET EQUIP,,,-6,Texas Commission On Environmental Quality,Channelview,1405 Sheldon Road,77530,Texas,Harris,Channelview,"Houston-The Woodlands-Sugar Land, TX",,2026-06-26,-6
Houston,48-201-0047,48,201,0047,29.834167,-95.489129,WGS84,24,RESIDENTIAL,SUBURBAN,1978-01-01,,,,,,,,-6,Texas Commission On Environmental Quality,Lang,4401 1/2 Lang Rd,77092,Texas,Harris,Houston,"Houston-The Woodlands-Sugar Land, TX",,2026-06-26,-6
Houston,48-201-0055,48,201,0055,29.69566,-95.49924,WGS84,19.5,RESIDENTIAL,SUBURBAN,1998-03-24,,,,,ON-SITE MET EQUIP,,,-6,Texas Commission On Environmental Quality,Houston Bayland Park,6400 Bissonnet Street,77074,Texas,Harris,Houston,"Houston-The Woodlands-Sugar Land, TX",,2026-06-26,-6
Houston,48-201-0416,48,201,0416,29.686289,-95.294723,WGS84,10,RESIDENTIAL,URBAN AND CENTER CITY,2006-02-22,,,,,ON-SITE MET EQUIP,,,-6,Texas Commission On Environmental Quality,Park Place,7421 Park Place Blvd,77087,Texas,Harris,Houston,"Houston-The Woodlands-Sugar Land, TX",,2026-06-26,-6
Houston,48-201-1034,48,201,1034,29.768033,-95.220574,WGS84,9.1,COMMERCIAL,SUBURBAN,1973-01-01,,48,201,1035,OTHER AIRS SITE,5225,SW,-6,Texas Commission On Environmental Quality,Houston East,1262 1/2 Mae Drive,77029,Texas,Harris,Houston,"Houston-The Woodlands-Sugar Land, TX",,2026-06-26,-6
Houston,48-201-1035,48,201,1035,29.733737,-95.257605,WGS84,12.5,INDUSTRIAL,URBAN AND CENTER CITY,1972-01-01,,,,,ON-SITE MET EQUIP,,,-6,Texas Commission On Environmental Quality,Clinton,9525 1/2 Clinton Dr,77029,Texas,Harris,Houston,"Houston-The Woodlands-Sugar Land, TX",,2026-06-26,-6
Houston,48-201-1052,48,201,1052,29.814387,-95.387817,WGS84,13.5,RESIDENTIAL,URBAN AND CENTER CITY,2015-04-13,,,,,ON-SITE MET EQUIP,,,-6,Texas Commission On Environmental Quality,Houston North Loop,822 North Loop,77022,Texas,Harris,Houston,"Houston-The Woodlands-Sugar Land, TX",,2026-06-26,-6
Houston,48-201-1066,48,201,1066,29.721621,-95.492667,WGS84,13,COMMERCIAL,URBAN AND CENTER CITY,2014-01-22,,,,,ON-SITE MET EQUIP,,,-6,Texas Commission On Environmental Quality,Houston Southwest Freeway,5617 Westward Avenue,77081,Texas,Harris,Houston,"Houston-The Woodlands-Sugar Land, TX",,2026-06-26,-6
Houston,48-201-0417,48,201,0417,29.772857,-95.395937,WGS84,8,COMMERCIAL,URBAN AND CENTER CITY,2021-01-25,,,,,,,,-6,Texas Commission On Environmental Quality,Houston Harvard Street,160 Harvard Street,77007,Texas,Harris,Houston,"Houston-The Woodlands-Sugar Land, TX",,2026-06-26,-6
Los Angeles,06-037-0113,06,037,0113,34.05111,-118.45636,WGS84,91,MOBILE,URBAN AND CENTER CITY,1980-01-01,,,,,,,,-8,South Coast Air Quality Management District,West Los Angeles,"VA HOSPITAL, WEST LOS ANGELES",90025,California,Los Angeles,West Los Angeles,"Los Angeles-Long Beach-Anaheim, CA",,2026-06-26,-8
Los Angeles,06-037-1103,06,037,1103,34.06659,-118.22688,WGS84,87,RESIDENTIAL,URBAN AND CENTER CITY,1979-01-01,,,,,,,,-8,South Coast Air Quality Management District,Los Angeles-North Main Street,"1630 N MAIN ST, LOS ANGELES",90012,California,Los Angeles,Los Angeles,"Los Angeles-Long Beach-Anaheim, CA",,2026-06-26,-8
Los Angeles,06-037-1302,06,037,1302,33.901389,-118.205,WGS84,27,RESIDENTIAL,URBAN AND CENTER CITY,2008-10-31,,,,,,,,-8,South Coast Air Quality Management District,Compton,700 North Bullis Road,90221,California,Los Angeles,Compton,"Los Angeles-Long Beach-Anaheim, CA",,2026-06-26,-8
Los Angeles,06-037-1602,06,037,1602,34.01029,-118.0685,NAD83,75,COMMERCIAL,SUBURBAN,2005-09-12,,,,,,,,-8,South Coast Air Quality Management District,Pico Rivera #2,"4144 SAN GABRIEL RIVER PKWY, PICO RIVERA",90660,California,Los Angeles,Pico Rivera,"Los Angeles-Long Beach-Anaheim, CA",,2026-06-26,-8
Los Angeles,06-037-4008,06,037,4008,33.859662,-118.200707,NAD83,12,INDUSTRIAL,SUBURBAN,2015-01-01,,,,,,,,-8,South Coast Air Quality Management District,Long Beach-Route 710 Near Road,5895 Long Beach Blvd.,90806,California,Los Angeles,Long Beach,"Los Angeles-Long Beach-Anaheim, CA",,2026-06-26,-8
Los Angeles,06-037-5005,06,037,5005,33.95507,-118.43049,NAD83,21,RESIDENTIAL,SUBURBAN,2004-04-09,,,,,,,,-8,South Coast Air Quality Management District,LAX Hastings,7201 W. WESTCHESTER PARKWAY,90045,California,Los Angeles,Los Angeles,"Los Angeles-Long Beach-Anaheim, CA",,2026-06-26,-8
Los Angeles,06-037-2005,06,037,2005,34.1326,-118.1272,WGS84,250,RESIDENTIAL,URBAN AND CENTER CITY,1981-12-01,,,,,,,,-8,South Coast Air Quality Management District,Pasadena,"752 S. WILSON AVE., PASADENA",,California,Los Angeles,Pasadena,"Los Angeles-Long Beach-Anaheim, CA",,2026-06-26,-8
Los Angeles,06-037-4010,06,037,4010,34.181977,-118.363036,NAD83,198,INDUSTRIAL,SUBURBAN,2020-01-01,,,,,ON-SITE MET EQUIP,,,-8,South Coast Air Quality Management District,North Hollywood (NOHO),10659 W. Delano Street,91606,California,Los Angeles,Los Angeles,"Los Angeles-Long Beach-Anaheim, CA",,2026-06-26,-8
New York,34-003-0010,34,003,0010,40.85355,-73.96618,NAD83,87,COMMERCIAL,URBAN AND CENTER CITY,2014-04-01,,,,,,,,-5,New Jersey State Department Of Environmental Protection,Fort Lee Near Road,"Hoyt Ave & Hudson St, south of toll plaza",07024,New Jersey,Bergen,Fort Lee,"New York-Newark-Jersey City, NY-NJ-PA",,2026-06-26,-5
New York,34-013-0003,34,013,0003,40.720989,-74.192892,WGS84,27,RESIDENTIAL,URBAN AND CENTER CITY,2009-06-01,2022-09-30,,,,,,,-5,New Jersey State Department Of Environmental Protection,Newark Firehouse,360 Clinton Avenue,07108,New Jersey,Essex,Newark,"New York-Newark-Jersey City, NY-NJ-PA",,2026-06-26,-5
New York,34-017-0006,34,017,0006,40.67025,-74.126081,WGS84,3,COMMERCIAL,URBAN AND CENTER CITY,1983-01-01,,,,,ON-SITE MET EQUIP,,,-5,New Jersey State Department Of Environmental Protection,Bayonne,"Veterans Park, Park Road at end of W. 25th St.",07002,New Jersey,Hudson,Bayonne,"New York-Newark-Jersey City, NY-NJ-PA",,2026-06-26,-5
New York,34-017-1002,34,017,1002,40.731645,-74.066308,NAD83,27,COMMERCIAL,URBAN AND CENTER CITY,1970-01-01,,,,,,,,-5,New Jersey State Department Of Environmental Protection,Jersey City,2828 John F. Kennedy Boulevard,07306,New Jersey,Hudson,Jersey City,"New York-Newark-Jersey City, NY-NJ-PA",,2026-06-26,-5
New York,34-039-0004,34,039,0004,40.64144,-74.208365,WGS84,5,INDUSTRIAL,SUBURBAN,1972-01-01,,,,,ON-SITE MET EQUIP,,,-5,New Jersey State Department Of Environmental Protection,Elizabeth Lab,NJ Turnpike Interchange 13 Toll Plaza,07202,New Jersey,Union,Elizabeth,"New York-Newark-Jersey City, NY-NJ-PA",,2026-06-26,-5
New York,36-005-0110,36,005,0110,40.816,-73.902,WGS84,17,RESIDENTIAL,URBAN AND CENTER CITY,1999-08-24,,,,,AIRPORT,4500,SSE,-5,New York State Department Of Environmental Conservation,IS 52,IS 52    681 KELLY ST,10455,New York,Bronx,New York,"New York-Newark-Jersey City, NY-NJ-PA",,2026-06-26,-5
New York,36-005-0133,36,005,0133,40.8679,-73.87809,WGS84,31,COMMERCIAL,URBAN AND CENTER CITY,2006-01-01,,,,,OTHER,1303.57,NW,-5,New York State Department Of Environmental Conservation,PFIZER LAB SITE,200TH STREET AND SOUTHERN BOULDVARD Pfizer Lab,10458,New York,Bronx,New York,"New York-Newark-Jersey City, NY-NJ-PA",,2026-06-26,-5
New York,36-081-0124,36,081,0124,40.73614,-73.82153,WGS84,25,COMMERCIAL,URBAN AND CENTER CITY,2001-01-01,,,,,ON-SITE MET EQUIP,,,-5,New York State Department Of Environmental Conservation,QUEENS COLLEGE 2,Queens College   65-30 Kissena Blvd  Parking Lot#6,11367,New York,Queens,New York,"New York-Newark-Jersey City, NY-NJ-PA",,2026-06-26,-5
New York,36-081-0125,36,081,0125,40.739264,-73.817694,NAD83,25,MOBILE,URBAN AND CENTER CITY,2017-04-01,,,,,OTHER,573.92316,SE,-5,New York State Department Of Environmental Conservation,Queens College Near Road,"I-495, H Harding Expwy and 153rd St",11367,New York,Queens,New York,"New York-Newark-Jersey City, NY-NJ-PA",,2026-06-26,-5
Philadelphia,34-007-0002,34,007,0002,39.934559,-75.125219,NAD83,4,INDUSTRIAL,URBAN AND CENTER CITY,2012-04-11,,,,,,,,-5,New Jersey State Department Of Environmental Protection,Camden Spruce Street,266-298 Spruce Street,08103,New Jersey,Camden,Camden,"Philadelphia-Camden-Wilmington, PA-NJ-DE-MD",,2026-06-26,-5
Philadelphia,42-045-0002,42,045,0002,39.835556,-75.3725,WGS84,3,INDUSTRIAL,URBAN AND CENTER CITY,1974-01-01,,42,045,7015,OTHER AIRS SITE,13169,ENE,-5,Pennsylvania Department Of Environmental Protection,Chester,FRONT ST & NORRIS ST,19013,Pennsylvania,Delaware,Chester,"Philadelphia-Camden-Wilmington, PA-NJ-DE-MD",,2026-06-26,-5
Philadelphia,42-101-0075,42,101,0075,40.054171,-74.985166,NAD83,9,COMMERCIAL,URBAN AND CENTER CITY,2013-08-01,,,,,,,,-5,Philadelphia Air Management Services,Torresdale Station,"4901 Grant Avenue and James Street Philadelphia, PA. 19114",19114,Pennsylvania,Philadelphia,Philadelphia,"Philadelphia-Camden-Wilmington, PA-NJ-DE-MD",,2026-06-26,-5
Philadelphia,42-101-0076,42,101,0076,39.988842,-75.207205,NAD83,4,COMMERCIAL,URBAN AND CENTER CITY,2014-07-01,,,,,,,,-5,Philadelphia Air Management Services,Car-Barn Montgomery I -76,4100 MONTGOMERY DRIVE,19131,Pennsylvania,Philadelphia,Philadelphia,"Philadelphia-Camden-Wilmington, PA-NJ-DE-MD",,2026-06-26,-5
Philadelphia,42-101-0048,42,101,0048,39.991389,-75.080833,WGS84,22,RESIDENTIAL,URBAN AND CENTER CITY,1993-06-01,,,,,ON-SITE MET EQUIP,,,-5,Philadelphia Air Management Services,North East Waste (NEW),"3000 LEWIS ST. (NEAR BATH ST.) Philadelphia, PA. 19137",19137,Pennsylvania,Philadelphia,Philadelphia,"Philadelphia-Camden-Wilmington, PA-NJ-DE-MD",,2026-06-26,-5
Philadelphia,34-007-0010,34,007,0010,39.923969,-75.122317,WGS84,5,COMMERCIAL,URBAN AND CENTER CITY,2003-11-20,,,,,,,,-5,New Jersey State Department Of Environmental Protection,South Camden,"Camden County Municipal Utilities Authority, 1645 Ferry Avenue",08104,New Jersey,Camden,Camden,"Philadelphia-Camden-Wilmington, PA-NJ-DE-MD",,2026-06-26,-5
Phoenix,04-013-0019,04,013,0019,33.48378,-112.14256,NAD83,333,RESIDENTIAL,SUBURBAN,1984-01-01,,,,,ON-SITE MET EQUIP,,,-7,Maricopa County Air Quality,WEST PHOENIX,3847 W EARLL DR-WEST PHOENIX STATION,85019,Arizona,Maricopa,Phoenix,"Phoenix-Mesa-Scottsdale, AZ",,2026-06-26,-7
Phoenix,04-013-3002,04,013,3002,33.45797,-112.04659,NAD83,339,RESIDENTIAL,URBAN AND CENTER CITY,1961-01-01,,,,,ON-SITE MET EQUIP,,,-7,Maricopa County Air Quality,CENTRAL PHOENIX,1645 E ROOSEVELT ST-CENTRAL PHOENIX STN,85006,Arizona,Maricopa,Phoenix,"Phoenix-Mesa-Scottsdale, AZ",,2026-06-26,-7
Phoenix,04-013-4019,04,013,4019,33.39623,-111.96799,NAD83,354,COMMERCIAL,URBAN AND CENTER CITY,2014-01-01,2019-12-31,,,,ON-SITE MET EQUIP,,,-7,Maricopa County Air Quality,Diablo,"1919 W Fairmont Dr., Tempe, AZ",85282,Arizona,Maricopa,Tempe,"Phoenix-Mesa-Scottsdale, AZ",,2026-06-26,-7
Phoenix,04-013-4020,04,013,4020,33.46173,-112.12796,NAD83,326,RESIDENTIAL,URBAN AND CENTER CITY,2015-09-01,,,,,ON-SITE MET EQUIP,,,-7,Maricopa County Air Quality,Thirty-Third,3248 W. Moreland,85009,Arizona,Maricopa,Phoenix,"Phoenix-Mesa-Scottsdale, AZ",,2026-06-26,-7
Phoenix,04-013-9997,04,013,9997,33.503833,-112.095767,WGS84,346,RESIDENTIAL,URBAN AND CENTER CITY,1993-07-01,,04,013,9998,OTHER AIRS SITE,10754,SE,-7,Arizona Department Of Environmental Quality,JLG SUPERSITE,4530 N 17TH AVENUE,85015,Arizona,Maricopa,Phoenix,"Phoenix-Mesa-Scottsdale, AZ",,2026-06-26,-7
Phoenix,04-013-4021,04,013,4021,33.41046,-112.00264,WGS84,354,COMMERCIAL,URBAN AND CENTER CITY,2021-03-05,,,,,,,,-7,Maricopa County Air Quality,Eastwood,"4135 S 36th Street, Phoenix, AZ",,Arizona,Maricopa,Phoenix,"Phoenix-Mesa-Scottsdale, AZ",,2026-06-26,-7
San Diego,06-073-0001,06,073,0001,32.631242,-117.059088,NAD83,53,RESIDENTIAL,SUBURBAN,1972-01-01,,,,,,,,-8,San Diego County Air Pollution Control District,Chula Vista,"84 E. 'J' ST., CHULA VISTA",91910,California,San Diego,Chula Vista,"San Diego-Carlsbad, CA",,2026-06-26,-8
San Diego,06-073-1016,06,073,1016,32.845709,-117.123964,NAD83,134,MILITARY RESERVATION,SUBURBAN,2010-01-01,,,,,,,,-8,San Diego County Air Pollution Control District,San Diego - Kearny Villa Rd.,"6125A KEARNY VILLA RD., SAN DIEGO",92145,California,San Diego,San Diego,"San Diego-Carlsbad, CA",,2026-06-26,-8
San Diego,06-073-1022,06,073,1022,32.789565,-116.944308,NAD83,143,COMMERCIAL,SUBURBAN,2016-04-01,,,,,,,,-8,San Diego County Air Pollution Control District,El Cajon - Lexington Elementary School,533 First Street,92019,California,San Diego,El Cajon,"San Diego-Carlsbad, CA",,2026-06-26,-8
San Diego,06-073-1026,06,073,1026,32.710177,-117.142665,NAD83,34,COMMERCIAL,URBAN AND CENTER CITY,2019-07-16,,,,,,,,-8,San Diego County Air Pollution Control District,San Diego - Sherman Elementary School,450B 24th Street,92102,California,San Diego,San Diego,"San Diego-Carlsbad, CA",,2026-06-26,-8
San Diego,06-073-1025,06,073,1025,32.552824,-117.047345,WGS84,18,RESIDENTIAL,SUBURBAN,2019-10-28,,,,,,,,-8,San Diego County Air Pollution Control District,San Ysidro,198 W. San Ysidro Blvd,92173,California,San Diego,San Diego,"San Diego-Carlsbad, CA",,2026-06-26,-8
Seattle,53-033-0030,53,033,0030,47.597222,-122.319722,WGS84,15,BLIGHTED AREAS,URBAN AND CENTER CITY,2014-04-01,,,,,,,,-8,Washington State Department Of Ecology,Seattle-10th & Weller,10th & Weller,98104,Washington,King,Seattle,"Seattle-Tacoma-Bellevue, WA",,2026-06-26,-8
Seattle,53-033-0080,53,033,0080,47.568236,-122.308628,WGS84,105,RESIDENTIAL,URBAN AND CENTER CITY,1979-06-04,,,,,ON-SITE MET EQUIP,,,-8,Washington State Department Of Ecology,SEATTLE - BEACON HILL,4103 BEACON HILL S,98108,Washington,King,Seattle,"Seattle-Tacoma-Bellevue, WA",,2026-06-26,-8
Seattle,53-033-0057,53,033,0057,47.55975,-122.338265,WGS84,1,INDUSTRIAL,SUBURBAN,1971-08-02,,,,,ON-SITE MET EQUIP,,,-8,Washington State Department Of Ecology,SEATTLE - DUWAMISH,4700 East Marginal Way South,98134,Washington,King,Seattle,"Seattle-Tacoma-Bellevue, WA",,2026-06-26,-8
