city,year,episode_id,event_mean_n_sites,control_mean_n_sites,site_count_difference,roster_jaccard,common_qualified_sites,common_site_ids,original_change_ppb,common_site_change_ppb
Atlanta,2019,atlanta_2019-07-05,1.0,2.5,-1.5,1.0,1,13-121-0056,5.317772178571424,2.1022958571428543
Atlanta,2019,atlanta_2019-07-14,2.0,2.5,-0.5,0.6666666666666666,2,13-089-0003;13-121-0056,5.275863678571428,6.745866071428571
Atlanta,2019,atlanta_2019-07-27,3.0,3.0,0.0,1.0,3,13-089-0002;13-089-0003;13-121-0056,2.130555642857141,2.130555642857141
Atlanta,2019,atlanta_2019-09-08,3.0,3.0,0.0,1.0,3,13-089-0002;13-089-0003;13-121-0056,8.052244400000001,8.052244400000001
Atlanta,2019,atlanta_2019-09-16,3.0,3.0,0.0,1.0,3,13-089-0002;13-089-0003;13-121-0056,3.87523985714286,3.8752398571428603
Atlanta,2020,atlanta_2020-07-14,3.0,3.0,0.0,1.0,3,13-089-0002;13-089-0003;13-121-0056,3.6097563285714287,3.6097563285714322
Atlanta,2020,atlanta_2020-07-26,3.0,3.0,0.0,1.0,3,13-089-0002;13-089-0003;13-121-0056,3.260088214285714,3.260088214285714
Atlanta,2020,atlanta_2020-08-05,3.0,3.0,0.0,1.0,3,13-089-0002;13-089-0003;13-121-0056,5.770141742857138,5.770141742857138
Atlanta,2020,atlanta_2020-08-12,3.0,3.0,0.0,1.0,3,13-089-0002;13-089-0003;13-121-0056,-3.806953285714284,-3.8069532857142843
Atlanta,2021,atlanta_2021-07-26,3.0,3.0,0.0,1.0,3,13-089-0002;13-089-0003;13-121-0056,7.434469749999997,7.434469749999997
Atlanta,2021,atlanta_2021-08-09,3.0,3.0,0.0,1.0,3,13-089-0002;13-089-0003;13-121-0056,-2.078165357142857,-2.078165357142857
Atlanta,2021,atlanta_2021-08-23,3.0,3.0,0.0,1.0,3,13-089-0002;13-089-0003;13-121-0056,2.913053833333331,2.913053833333331
Atlanta,2022,atlanta_2022-07-02,2.857142857142857,3.0,-0.1428571428571428,1.0,3,13-089-0002;13-089-0003;13-121-0056,-0.1428257142857152,-0.14282571428571522
Atlanta,2022,atlanta_2022-07-23,3.0,3.0,0.0,1.0,3,13-089-0002;13-089-0003;13-121-0056,5.525726642857144,5.525726642857144
Atlanta,2023,atlanta_2023-06-29,3.0,3.0,0.0,1.0,3,13-089-0002;13-089-0003;13-121-0056,-1.0045285714285708,-1.0045285714285708
Atlanta,2023,atlanta_2023-07-25,3.0,3.0,0.0,1.0,3,13-089-0002;13-089-0003;13-121-0056,0.2040170571428614,0.20401705714285967
Atlanta,2023,atlanta_2023-08-12,3.0,3.0,0.0,1.0,3,13-089-0002;13-089-0003;13-121-0056,-1.39236435714286,-1.3923643571428599
Atlanta,2023,atlanta_2023-08-21,3.0,3.0,0.0,1.0,3,13-089-0002;13-089-0003;13-121-0056,-0.0602484285714268,-0.06024842857142687
Atlanta,2024,atlanta_2024-06-14,2.5,2.5,0.0,1.0,1,13-121-0056,-0.3089844642857109,4.68673471428572
Atlanta,2024,atlanta_2024-06-21,3.0,3.0,0.0,1.0,3,13-089-0002;13-089-0003;13-121-0056,-0.7717801428571409,-0.7717801428571427
Atlanta,2024,atlanta_2024-07-04,3.0,2.75,0.25,1.0,3,13-089-0002;13-089-0003;13-121-0056,0.2097884107142853,0.20978841071428533
Atlanta,2024,atlanta_2024-07-12,3.0,2.75,0.25,1.0,3,13-089-0002;13-089-0003;13-121-0056,4.895623767857144,4.8956237678571455
Atlanta,2024,atlanta_2024-08-27,3.0,2.4285714285714284,0.5714285714285716,1.0,2,13-089-0002;13-121-0056,-3.8924685,0.10834978571428344
Atlanta,2024,atlanta_2024-09-20,3.0,3.0,0.0,1.0,3,13-089-0002;13-089-0003;13-121-0056,0.4051092142857158,0.40510921428571756
Atlanta,2025,atlanta_2025-06-22,3.0,2.75,0.25,1.0,3,13-089-0002;13-089-0003;13-121-0056,0.5143520178571439,0.5143520178571439
Atlanta,2025,atlanta_2025-07-07,3.0,3.0,0.0,1.0,3,13-089-0002;13-089-0003;13-121-0056,7.576341142857139,7.5763411428571406
Atlanta,2025,atlanta_2025-09-19,0.0,3.0,-3.0,1.0,0,,,
Chicago,2019,chicago_2019-07-01,3.0,3.0,0.0,1.0,3,17-031-0076;17-031-3103;17-031-4002,-4.442941071428573,-4.442941071428574
Chicago,2020,chicago_2020-06-29,4.0,4.0,0.0,1.0,4,17-031-0076;17-031-0219;17-031-3103;17-031-4002,2.677496107142856,2.677496107142858
Chicago,2020,chicago_2020-08-14,3.0,4.0,-1.0,0.75,3,17-031-0219;17-031-3103;17-031-4002,-4.457795392857145,-3.870530785714287
Chicago,2020,chicago_2020-08-24,3.0,4.0,-1.0,0.75,3,17-031-0219;17-031-3103;17-031-4002,-8.714520892857145,-9.794934642857143
Chicago,2021,chicago_2021-06-11,4.0,4.0,0.0,1.0,4,17-031-0076;17-031-0219;17-031-3103;17-031-4002,-6.564322142857145,-6.564322142857145
Chicago,2021,chicago_2021-07-25,3.25,4.0,-0.75,1.0,3,17-031-0219;17-031-3103;17-031-4002,6.548363,5.244047571428572
Chicago,2021,chicago_2021-08-18,3.0,4.0,-1.0,0.75,3,17-031-0219;17-031-3103;17-031-4002,3.3349965714285705,1.6195164761904728
Chicago,2021,chicago_2021-08-25,3.0,4.0,-1.0,0.75,3,17-031-0219;17-031-3103;17-031-4002,-11.797096119047618,-11.58980919047619
Chicago,2022,chicago_2022-08-23,3.0,4.0,-1.0,1.0,3,17-031-0076;17-031-0219;17-031-3103,7.211696714285717,6.2619049285714325
Chicago,2023,chicago_2023-07-04,1.0,3.0,-2.0,0.6666666666666666,1,17-031-3103,-2.1570345000000035,-3.2068450714285692
Chicago,2023,chicago_2023-07-24,4.0,3.0,1.0,0.75,2,17-031-0219;17-031-3103,9.459565857142858,17.71354875
Chicago,2024,chicago_2024-07-30,4.0,3.3333333333333335,0.6666666666666665,1.0,3,17-031-0076;17-031-3103;17-031-4002,0.2729457380952365,-3.104878952380952
Chicago,2024,chicago_2024-08-30,4.0,4.0,0.0,1.0,4,17-031-0076;17-031-0219;17-031-3103;17-031-4002,-18.840187642857146,-18.840187642857142
Chicago,2024,chicago_2024-09-19,3.3333333333333335,4.0,-0.6666666666666665,1.0,3,17-031-0219;17-031-3103;17-031-4002,-6.023084785714284,-7.626612523809531
Chicago,2025,chicago_2025-06-29,3.0,4.0,-1.0,1.0,2,17-031-3103;17-031-4002,5.146076678571426,4.286647892857145
Chicago,2025,chicago_2025-07-14,4.0,3.5,0.5,1.0,2,17-031-3103;17-031-4002,9.451378750000002,4.353463250000001
Chicago,2025,chicago_2025-07-26,3.0,3.0,0.0,0.75,3,17-031-0076;17-031-0219;17-031-3103,2.302389107142858,1.0523891785714294
Dallas,2019,dallas_2019-07-31,4.0,4.0,0.0,1.0,4,48-113-0069;48-113-0075;48-113-0087;48-113-1067,-1.052512142857143,-1.0525121428571427
Dallas,2019,dallas_2019-09-02,3.6,3.6,0.0,1.0,2,48-113-0075;48-113-1067,4.225596,3.9131972285714287
Dallas,2019,dallas_2019-09-13,4.0,3.75,0.25,1.0,3,48-113-0075;48-113-0087;48-113-1067,-0.4052632500000008,0.6579718392857119
Dallas,2021,dallas_2021-06-13,4.0,4.0,0.0,1.0,4,48-113-0069;48-113-0075;48-113-0087;48-113-1067,2.168357928571429,2.168357928571429
Dallas,2021,dallas_2021-07-26,3.3333333333333335,4.0,-0.6666666666666665,1.0,3,48-113-0075;48-113-0087;48-113-1067,1.0137358095238067,1.2415906904761895
Dallas,2021,dallas_2021-08-25,3.5,3.0,0.5,0.75,2,48-113-0069;48-113-0087,-3.5813585000000003,-3.307673535714284
Dallas,2022,dallas_2022-06-17,4.0,3.5,0.5,1.0,3,48-113-0069;48-113-0075;48-113-1067,-0.8822152142857123,0.18410749999999965
Dallas,2022,dallas_2022-09-20,3.0,4.0,-1.0,1.0,3,48-113-0069;48-113-0087;48-113-1067,-0.7667377619047642,-2.4723954285714305
Dallas,2023,dallas_2023-07-29,3.0,4.0,-1.0,0.75,2,48-113-0069;48-113-0087,5.930782261904761,2.735508023809522
Dallas,2023,dallas_2023-08-23,4.0,4.0,0.0,1.0,4,48-113-0069;48-113-0075;48-113-0087;48-113-1067,4.08991375,4.08991375
Dallas,2024,dallas_2024-07-10,4.0,3.5,0.5,1.0,3,48-113-0069;48-113-0075;48-113-0087,4.352508464285714,4.78460692857143
Dallas,2024,dallas_2024-08-02,3.0,4.0,-1.0,0.75,3,48-113-0069;48-113-0075;48-113-1067,3.61930142857143,5.4356451428571395
Dallas,2025,dallas_2025-07-29,3.0,3.0,0.0,1.0,3,48-113-0075;48-113-0087;48-113-1067,5.173779619047616,5.173779619047616
Dallas,2025,dallas_2025-08-18,3.0,3.0,0.0,1.0,3,48-113-0075;48-113-0087;48-113-1067,0.913766142857142,0.913766142857142
Denver,2019,denver_2019-08-05,5.0,5.0,0.0,1.0,5,08-001-3001;08-031-0002;08-031-0026;08-031-0027;08-031-0028,-2.417998142857144,-2.4179981428571438
Denver,2019,denver_2019-08-18,5.0,3.5,1.5,1.0,3,08-031-0002;08-031-0026;08-031-0028,2.561399178571433,5.51874542857143
Denver,2021,denver_2021-07-26,4.0,5.0,-1.0,1.0,4,08-001-3001;08-031-0002;08-031-0027;08-031-0028,2.919257964285711,3.814719285714288
Denver,2021,denver_2021-08-23,5.0,3.0,2.0,1.0,3,08-031-0002;08-031-0026;08-031-0028,9.272872071428573,9.423154428571431
Denver,2022,denver_2022-08-08,4.0,5.0,-1.0,0.8,4,08-031-0002;08-031-0026;08-031-0027;08-031-0028,-6.155512250000001,-5.332935571428575
Denver,2024,denver_2024-07-23,5.0,5.0,0.0,1.0,3,08-001-3001;08-031-0027;08-031-0028,7.833990499999999,6.569353857142861
Denver,2025,denver_2025-07-08,4.5,5.0,-0.5,1.0,4,08-001-3001;08-031-0002;08-031-0026;08-031-0027,6.614949928571427,6.09040639285714
Houston,2019,houston_2019-07-06,9.0,9.0,0.0,1.0,9,48-201-0024;48-201-0026;48-201-0047;48-201-0055;48-201-0416;48-201-1034;48-201-1035;48-201-1052;48-201-1066,-4.6019035,-4.6019035
Houston,2019,houston_2019-08-02,9.0,8.5,0.5,1.0,7,48-201-0024;48-201-0026;48-201-0047;48-201-0055;48-201-0416;48-201-1034;48-201-1052,-0.2822551428571414,-0.8500802142857156
Houston,2019,houston_2019-08-14,7.333333333333333,9.0,-1.666666666666667,1.0,6,48-201-0026;48-201-0047;48-201-0055;48-201-0416;48-201-1035;48-201-1052,1.7892941666666695,1.7351287619047646
Houston,2019,houston_2019-09-01,8.0,8.0,0.0,1.0,7,48-201-0024;48-201-0026;48-201-0047;48-201-0055;48-201-0416;48-201-1034;48-201-1052,3.853455642857144,4.7602499285714295
Houston,2020,houston_2020-08-03,7.666666666666667,8.666666666666666,-0.9999999999999991,1.0,7,48-201-0024;48-201-0026;48-201-0047;48-201-0416;48-201-1034;48-201-1052;48-201-1066,1.3779477619047618,1.453182142857142
Houston,2020,houston_2020-08-18,8.0,8.75,-0.75,1.0,6,48-201-0024;48-201-0026;48-201-0047;48-201-1035;48-201-1052;48-201-1066,7.739050678571427,7.94207164285714
Houston,2021,houston_2021-06-12,9.333333333333334,9.666666666666666,-0.33333333333333215,1.0,7,48-201-0024;48-201-0055;48-201-0416;48-201-0417;48-201-1034;48-201-1035;48-201-1066,9.061831083333336,9.614841119047618
Houston,2021,houston_2021-08-23,8.5,7.0,1.5,0.7777777777777778,5,48-201-0026;48-201-0055;48-201-0416;48-201-0417;48-201-1034,-11.112788999999998,-12.132485714285718
Houston,2022,houston_2022-06-18,10.0,10.0,0.0,1.0,9,48-201-0024;48-201-0026;48-201-0047;48-201-0055;48-201-0416;48-201-0417;48-201-1034;48-201-1052;48-201-1066,5.591174047619046,5.524178809523809
Houston,2022,houston_2022-06-26,10.0,10.0,0.0,1.0,10,48-201-0024;48-201-0026;48-201-0047;48-201-0055;48-201-0416;48-201-0417;48-201-1034;48-201-1035;48-201-1052;48-201-1066,0.3117004285714273,0.3117004285714291
Houston,2022,houston_2022-09-22,9.0,8.5,0.5,0.9,5,48-201-0024;48-201-0026;48-201-1034;48-201-1052;48-201-1066,-2.8488923571428586,-0.2679767142857159
Houston,2023,houston_2023-07-02,7.0,10.0,-3.0,1.0,7,48-201-0026;48-201-0047;48-201-0416;48-201-0417;48-201-1034;48-201-1052;48-201-1066,8.286284071428572,9.160110999999997
Houston,2023,houston_2023-08-31,7.333333333333333,7.666666666666667,-0.3333333333333339,1.0,6,48-201-0024;48-201-0026;48-201-0416;48-201-0417;48-201-1034;48-201-1052,8.743220857142855,8.180560357142857
Houston,2023,houston_2023-09-11,7.666666666666667,7.666666666666667,0.0,1.0,6,48-201-0024;48-201-0026;48-201-0055;48-201-0416;48-201-0417;48-201-1034,0.8750538809523816,0.5992968571428587
Houston,2024,houston_2024-06-06,9.0,3.5,5.5,0.9,2,48-201-0055;48-201-0416,6.711850392857149,4.599169428571431
Houston,2024,houston_2024-06-30,8.333333333333334,9.666666666666666,-1.3333333333333321,0.9,7,48-201-0026;48-201-0047;48-201-0416;48-201-0417;48-201-1034;48-201-1052;48-201-1066,-3.8886878095238098,-4.468772047619044
Houston,2024,houston_2024-07-09,1.5,9.5,-8.0,0.9,1,48-201-0417,-0.5963339999999988,-3.901360071428572
Houston,2024,houston_2024-09-18,9.666666666666666,10.0,-0.3333333333333339,1.0,9,48-201-0026;48-201-0047;48-201-0055;48-201-0416;48-201-0417;48-201-1034;48-201-1035;48-201-1052;48-201-1066,-0.3228498333333345,-0.33638473809523806
Houston,2025,houston_2025-07-23,10.0,10.0,0.0,1.0,9,48-201-0024;48-201-0047;48-201-0055;48-201-0416;48-201-0417;48-201-1034;48-201-1035;48-201-1052;48-201-1066,1.442741821428573,1.2308643571428561
Houston,2025,houston_2025-08-17,10.0,10.0,0.0,1.0,10,48-201-0024;48-201-0026;48-201-0047;48-201-0055;48-201-0416;48-201-0417;48-201-1034;48-201-1035;48-201-1052;48-201-1066,1.4119053571428577,1.4119053571428575
Los Angeles,2019,los_angeles_2019-06-09,7.0,7.0,0.0,1.0,7,06-037-0113;06-037-1103;06-037-1302;06-037-1602;06-037-2005;06-037-4008;06-037-5005,8.719395357142858,8.719395357142858
Los Angeles,2019,los_angeles_2019-08-25,7.0,7.0,0.0,1.0,6,06-037-0113;06-037-1103;06-037-1302;06-037-1602;06-037-2005;06-037-4008,1.0301952142857154,3.1188535535714283
Los Angeles,2019,los_angeles_2019-09-12,7.0,7.0,0.0,1.0,6,06-037-0113;06-037-1103;06-037-1602;06-037-2005;06-037-4008;06-037-5005,1.900548845238092,5.708684976190476
Los Angeles,2020,los_angeles_2020-07-30,8.0,7.666666666666667,0.33333333333333304,1.0,7,06-037-0113;06-037-1103;06-037-1302;06-037-1602;06-037-2005;06-037-4008;06-037-5005,4.973524238095241,4.062860285714286
Los Angeles,2020,los_angeles_2020-08-26,8.0,8.0,0.0,1.0,8,06-037-0113;06-037-1103;06-037-1302;06-037-1602;06-037-2005;06-037-4008;06-037-4010;06-037-5005,1.2102271785714285,1.2102271785714267
Los Angeles,2021,los_angeles_2021-06-14,8.0,8.0,0.0,1.0,8,06-037-0113;06-037-1103;06-037-1302;06-037-1602;06-037-2005;06-037-4008;06-037-4010;06-037-5005,-1.3786774642857136,-1.3786774642857154
Los Angeles,2021,los_angeles_2021-08-26,7.75,8.0,-0.25,1.0,8,06-037-0113;06-037-1103;06-037-1302;06-037-1602;06-037-2005;06-037-4008;06-037-4010;06-037-5005,9.637463080357143,9.637463080357143
Los Angeles,2021,los_angeles_2021-09-04,7.0,8.0,-1.0,1.0,7,06-037-0113;06-037-1103;06-037-1302;06-037-1602;06-037-2005;06-037-4010;06-037-5005,2.130436821428569,2.523268285714284
Los Angeles,2022,los_angeles_2022-05-13,7.0,7.0,0.0,1.0,7,06-037-0113;06-037-1103;06-037-1302;06-037-1602;06-037-2005;06-037-4008;06-037-4010,8.184970285714288,8.184970285714288
Los Angeles,2022,los_angeles_2022-08-13,7.0,7.0,0.0,1.0,7,06-037-0113;06-037-1103;06-037-1302;06-037-1602;06-037-2005;06-037-4008;06-037-4010,-0.9376487142857162,-0.9376487142857144
Los Angeles,2022,los_angeles_2022-09-05,7.0,7.0,0.0,1.0,7,06-037-0113;06-037-1103;06-037-1302;06-037-1602;06-037-2005;06-037-4008;06-037-4010,-5.113591595238097,-5.113591595238097
Los Angeles,2022,los_angeles_2022-09-23,7.0,7.0,0.0,1.0,7,06-037-0113;06-037-1103;06-037-1302;06-037-1602;06-037-2005;06-037-4008;06-037-4010,2.1310967619047645,2.1310967619047645
Los Angeles,2023,los_angeles_2023-07-24,7.0,7.0,0.0,1.0,7,06-037-0113;06-037-1103;06-037-1302;06-037-1602;06-037-2005;06-037-4008;06-037-4010,1.548809499999999,1.548809499999999
Los Angeles,2023,los_angeles_2023-08-27,7.0,7.0,0.0,1.0,7,06-037-0113;06-037-1103;06-037-1302;06-037-1602;06-037-2005;06-037-4008;06-037-4010,7.897172946428572,7.897172946428572
Los Angeles,2024,los_angeles_2024-06-22,7.0,7.0,0.0,1.0,7,06-037-0113;06-037-1103;06-037-1302;06-037-1602;06-037-2005;06-037-4008;06-037-4010,4.574549428571427,4.574549428571427
Los Angeles,2024,los_angeles_2024-09-07,5.0,7.0,-2.0,1.0,5,06-037-0113;06-037-1103;06-037-1602;06-037-2005;06-037-4008,6.932219714285715,5.631190642857138
Los Angeles,2024,los_angeles_2024-10-01,7.0,7.0,0.0,1.0,7,06-037-0113;06-037-1103;06-037-1302;06-037-1602;06-037-2005;06-037-4008;06-037-4010,13.282440750000005,13.282440750000001
Los Angeles,2025,los_angeles_2025-05-09,7.0,7.0,0.0,1.0,7,06-037-0113;06-037-1103;06-037-1302;06-037-1602;06-037-2005;06-037-4008;06-037-4010,5.475892214285714,5.475892214285714
Los Angeles,2025,los_angeles_2025-08-06,6.666666666666667,7.0,-0.33333333333333304,1.0,6,06-037-0113;06-037-1302;06-037-1602;06-037-2005;06-037-4008;06-037-4010,4.872053857142856,4.052559071428571
Los Angeles,2025,los_angeles_2025-08-20,6.333333333333333,7.0,-0.666666666666667,1.0,5,06-037-0113;06-037-1103;06-037-1602;06-037-2005;06-037-4008,8.820932190476192,9.422916642857139
Los Angeles,2025,los_angeles_2025-08-30,7.0,7.0,0.0,1.0,7,06-037-0113;06-037-1103;06-037-1302;06-037-1602;06-037-2005;06-037-4008;06-037-4010,2.3861473571428578,2.3861473571428578
Los Angeles,2025,los_angeles_2025-10-28,7.0,7.0,0.0,1.0,7,06-037-0113;06-037-1103;06-037-1302;06-037-1602;06-037-2005;06-037-4008;06-037-4010,10.328719928571427,10.328719928571427
New York,2019,new_york_2019-06-26,8.666666666666666,8.333333333333334,0.33333333333333215,1.0,7,34-003-0010;34-013-0003;34-017-0006;34-017-1002;36-005-0110;36-005-0133;36-081-0124,3.779894904761907,2.907076857142858
New York,2019,new_york_2019-07-03,8.5,9.0,-0.5,1.0,8,34-003-0010;34-013-0003;34-017-0006;34-017-1002;34-039-0004;36-005-0110;36-005-0133;36-081-0124,-3.08332442857143,-3.385650142857145
New York,2019,new_york_2019-07-15,9.0,9.0,0.0,1.0,9,34-003-0010;34-013-0003;34-017-0006;34-017-1002;34-039-0004;36-005-0110;36-005-0133;36-081-0124;36-081-0125,4.160010357142857,4.160010357142857
New York,2019,new_york_2019-07-26,9.0,9.0,0.0,1.0,9,34-003-0010;34-013-0003;34-017-0006;34-017-1002;34-039-0004;36-005-0110;36-005-0133;36-081-0124;36-081-0125,8.134565857142858,8.134565857142858
New York,2019,new_york_2019-08-03,9.0,8.5,0.5,1.0,8,34-003-0010;34-013-0003;34-017-0006;34-017-1002;34-039-0004;36-005-0133;36-081-0124;36-081-0125,-6.115896464285717,-6.040377928571427
New York,2019,new_york_2019-08-18,8.666666666666666,8.0,0.6666666666666661,1.0,7,34-003-0010;34-013-0003;34-017-0006;34-017-1002;34-039-0004;36-005-0133;36-081-0125,-2.9893397142857108,-3.8748949047619075
New York,2020,new_york_2020-07-02,9.0,9.0,0.0,1.0,9,34-003-0010;34-013-0003;34-017-0006;34-017-1002;34-039-0004;36-005-0110;36-005-0133;36-081-0124;36-081-0125,0.1589285000000035,0.15892850000000358
New York,2020,new_york_2020-07-21,9.0,9.0,0.0,1.0,9,34-003-0010;34-013-0003;34-017-0006;34-017-1002;34-039-0004;36-005-0110;36-005-0133;36-081-0124;36-081-0125,3.976190571428573,3.976190571428573
New York,2020,new_york_2020-07-29,9.0,9.0,0.0,1.0,9,34-003-0010;34-013-0003;34-017-0006;34-017-1002;34-039-0004;36-005-0110;36-005-0133;36-081-0124;36-081-0125,3.275475428571428,3.2754754285714256
New York,2021,new_york_2021-06-08,8.5,9.0,-0.5,1.0,8,34-003-0010;34-013-0003;34-017-0006;34-039-0004;36-005-0110;36-005-0133;36-081-0124;36-081-0125,-0.3019484285714267,-0.09528728571429212
New York,2021,new_york_2021-07-26,9.0,8.5,0.5,1.0,7,34-003-0010;34-013-0003;34-017-0006;34-017-1002;34-039-0004;36-005-0133;36-081-0125,5.466386071428573,6.311352214285716
New York,2021,new_york_2021-08-25,9.0,9.0,0.0,1.0,9,34-003-0010;34-013-0003;34-017-0006;34-017-1002;34-039-0004;36-005-0110;36-005-0133;36-081-0124;36-081-0125,12.727543714285716,12.727543714285716
New York,2022,new_york_2022-07-03,9.0,9.0,0.0,1.0,9,34-003-0010;34-013-0003;34-017-0006;34-017-1002;34-039-0004;36-005-0110;36-005-0133;36-081-0124;36-081-0125,-7.551181428571427,-7.551181428571427
New York,2022,new_york_2022-07-13,8.5,8.5,0.0,1.0,7,34-003-0010;34-013-0003;34-017-1002;34-039-0004;36-005-0110;36-005-0133;36-081-0124,3.2722710714285714,2.390005785714285
New York,2022,new_york_2022-09-04,9.0,8.0,1.0,1.0,8,34-003-0010;34-017-0006;34-017-1002;34-039-0004;36-005-0110;36-005-0133;36-081-0124;36-081-0125,4.662701428571432,5.210804607142857
New York,2023,new_york_2023-07-05,7.0,7.5,-0.5,1.0,6,34-003-0010;34-017-0006;36-005-0110;36-005-0133;36-081-0124;36-081-0125,-1.964652357142857,-1.2192429107142857
New York,2023,new_york_2023-07-14,8.0,8.0,0.0,1.0,7,34-003-0010;34-017-0006;34-039-0004;36-005-0110;36-005-0133;36-081-0124;36-081-0125,-0.8903748928571424,-2.1305609999999984
New York,2023,new_york_2023-09-04,8.0,8.0,0.0,1.0,8,34-003-0010;34-017-0006;34-017-1002;34-039-0004;36-005-0110;36-005-0133;36-081-0124;36-081-0125,6.386226952380953,6.386226952380953
New York,2024,new_york_2024-07-05,8.0,8.0,0.0,1.0,8,34-003-0010;34-017-0006;34-017-1002;34-039-0004;36-005-0110;36-005-0133;36-081-0124;36-081-0125,9.77194339285714,9.77194339285714
New York,2024,new_york_2024-07-13,8.0,8.0,0.0,1.0,8,34-003-0010;34-017-0006;34-017-1002;34-039-0004;36-005-0110;36-005-0133;36-081-0124;36-081-0125,4.457642928571428,4.457642928571428
New York,2024,new_york_2024-08-01,8.0,8.0,0.0,1.0,8,34-003-0010;34-017-0006;34-017-1002;34-039-0004;36-005-0110;36-005-0133;36-081-0124;36-081-0125,13.301471190476196,13.301471190476192
New York,2025,new_york_2025-07-08,8.0,7.0,1.0,0.875,6,34-003-0010;34-017-0006;34-017-1002;34-039-0004;36-005-0110;36-081-0125,-1.3213430000000006,-1.3683256071428573
New York,2025,new_york_2025-07-28,8.0,7.666666666666667,0.33333333333333304,1.0,7,34-003-0010;34-017-0006;34-017-1002;34-039-0004;36-005-0133;36-081-0124;36-081-0125,4.38871266666667,4.266002285714286
New York,2025,new_york_2025-08-13,7.5,7.5,0.0,1.0,6,34-017-0006;34-017-1002;34-039-0004;36-005-0110;36-005-0133;36-081-0124,1.1441734642857142,2.05118935714286
Philadelphia,2019,philadelphia_2019-06-27,3.0,4.0,-1.0,1.0,3,34-007-0002;42-101-0075;42-101-0076,8.910834821428569,7.279676785714285
Philadelphia,2019,philadelphia_2019-08-03,4.0,5.0,-1.0,1.0,4,34-007-0002;42-045-0002;42-101-0075;42-101-0076,-3.807045749999999,-2.0641399285714273
Philadelphia,2019,philadelphia_2019-08-17,4.0,4.5,-0.5,1.0,3,34-007-0002;42-045-0002;42-101-0075,-0.2360726250000011,0.06732003571428802
Philadelphia,2020,philadelphia_2020-07-21,4.0,5.0,-1.0,1.0,4,34-007-0002;42-101-0048;42-101-0075;42-101-0076,0.7755298214285711,1.1657204285714284
Philadelphia,2021,philadelphia_2021-06-08,4.5,5.0,-0.5,1.0,4,34-007-0002;42-101-0048;42-101-0075;42-101-0076,3.030717107142859,1.6673121785714269
Philadelphia,2021,philadelphia_2021-07-26,4.5,5.0,-0.5,1.0,4,42-045-0002;42-101-0048;42-101-0075;42-101-0076,6.367980249999997,4.838087500000004
Philadelphia,2021,philadelphia_2021-08-13,5.0,5.0,0.0,1.0,4,34-007-0002;42-101-0048;42-101-0075;42-101-0076,-1.0517402142857133,-0.7018151428571437
Philadelphia,2021,philadelphia_2021-08-24,5.0,5.0,0.0,1.0,5,34-007-0002;42-045-0002;42-101-0048;42-101-0075;42-101-0076,7.583317785714286,7.583317785714286
Philadelphia,2022,philadelphia_2022-08-10,5.0,4.5,0.5,1.0,4,34-007-0002;42-101-0048;42-101-0075;42-101-0076,1.8503549642857136,0.49282182142857067
Philadelphia,2023,philadelphia_2023-06-01,5.0,4.5,0.5,1.0,4,42-045-0002;42-101-0048;42-101-0075;42-101-0076,1.7663930357142883,0.614089250000001
Philadelphia,2023,philadelphia_2023-07-05,4.666666666666667,4.0,0.666666666666667,1.0,2,42-101-0048;42-101-0076,-4.454102071428573,-2.0338281190476204
Philadelphia,2023,philadelphia_2023-09-07,4.0,5.0,-1.0,1.0,4,34-007-0002;42-101-0048;42-101-0075;42-101-0076,9.163065964285714,8.277651035714285
Philadelphia,2024,philadelphia_2024-07-07,4.0,4.0,0.0,0.8,4,42-045-0002;42-101-0048;42-101-0075;42-101-0076,2.253199178571428,2.587530035714284
Philadelphia,2025,philadelphia_2025-06-29,5.0,5.0,0.0,1.0,3,34-007-0010;42-045-0002;42-101-0048,2.946353,1.9563842142857135
Philadelphia,2025,philadelphia_2025-07-11,4.0,4.5,-0.5,1.0,3,34-007-0010;42-045-0002;42-101-0048,-4.423841642857141,-4.579147999999998
Philadelphia,2025,philadelphia_2025-07-28,5.0,4.666666666666667,0.33333333333333304,1.0,4,34-007-0010;42-045-0002;42-101-0048;42-101-0075,2.640725309523812,3.838272452380952
Philadelphia,2025,philadelphia_2025-08-12,4.25,4.75,-0.5,1.0,4,34-007-0010;42-045-0002;42-101-0048;42-101-0075,-2.33866657142857,-2.142291928571429
Phoenix,2020,phoenix_2020-09-16,4.0,3.0,1.0,1.0,3,04-013-3002;04-013-4020;04-013-9997,3.1504632142857183,3.412560928571427
Phoenix,2021,phoenix_2021-07-07,5.0,5.0,0.0,1.0,5,04-013-0019;04-013-3002;04-013-4020;04-013-4021;04-013-9997,5.4638715000000015,5.4638715000000015
Phoenix,2021,phoenix_2021-08-25,5.0,5.0,0.0,1.0,5,04-013-0019;04-013-3002;04-013-4020;04-013-4021;04-013-9997,3.683970785714287,3.683970785714287
Phoenix,2021,phoenix_2021-09-12,5.0,5.0,0.0,1.0,5,04-013-0019;04-013-3002;04-013-4020;04-013-4021;04-013-9997,5.336525857142856,5.336525857142858
Phoenix,2023,phoenix_2023-07-24,4.0,5.0,-1.0,1.0,4,04-013-3002;04-013-4020;04-013-4021;04-013-9997,3.4434521428571454,1.7570730000000037
Phoenix,2024,phoenix_2024-09-26,4.0,5.0,-1.0,0.8,4,04-013-3002;04-013-4020;04-013-4021;04-013-9997,-3.6525071428571465,-3.760852
Phoenix,2025,phoenix_2025-08-22,4.5,5.0,-0.5,1.0,4,04-013-3002;04-013-4020;04-013-4021;04-013-9997,3.6321427857142847,1.823809571428571
San Diego,2019,san_diego_2019-07-24,2.0,3.0,-1.0,1.0,2,06-073-0001;06-073-1022,5.151434035714287,5.328314714285716
San Diego,2019,san_diego_2019-08-14,4.0,3.0,1.0,0.75,3,06-073-0001;06-073-1016;06-073-1022,1.0386943928571424,-0.054430714285714554
San Diego,2019,san_diego_2019-08-25,4.0,3.0,1.0,0.75,3,06-073-0001;06-073-1016;06-073-1022,-0.2527949285714297,-0.8075724999999996
San Diego,2020,san_diego_2020-05-06,4.0,4.0,0.0,1.0,4,06-073-0001;06-073-1016;06-073-1022;06-073-1026,0.249065107142858,0.249065107142858
San Diego,2020,san_diego_2020-07-05,4.0,4.0,0.0,1.0,4,06-073-0001;06-073-1016;06-073-1022;06-073-1026,6.095317499999999,6.095317499999999
San Diego,2020,san_diego_2020-08-17,4.0,3.8,0.20000000000000018,1.0,3,06-073-0001;06-073-1022;06-073-1026,0.4127451857142854,0.07501437142857137
San Diego,2021,san_diego_2021-08-27,4.0,4.0,0.0,1.0,4,06-073-0001;06-073-1016;06-073-1022;06-073-1026,0.0373375178571411,0.03733751785714112
San Diego,2021,san_diego_2021-10-01,4.0,4.0,0.0,1.0,3,06-073-1016;06-073-1022;06-073-1026,8.889874321428572,4.8636975714285695
San Diego,2022,san_diego_2022-06-26,3.3333333333333335,4.0,-0.6666666666666665,1.0,3,06-073-1016;06-073-1022;06-073-1026,0.138868642857143,0.3561951428571426
San Diego,2022,san_diego_2022-08-09,3.5,3.5,0.0,1.0,2,06-073-1022;06-073-1026,0.016818535714286,-0.2713901785714281
San Diego,2022,san_diego_2022-09-01,3.6666666666666665,4.0,-0.3333333333333335,1.0,3,06-073-0001;06-073-1016;06-073-1026,2.040032023809527,1.9752501428571438
San Diego,2023,san_diego_2023-07-24,4.0,4.0,0.0,1.0,4,06-073-0001;06-073-1016;06-073-1022;06-073-1026,0.2687990535714277,0.26879905357142775
San Diego,2023,san_diego_2023-08-06,3.6666666666666665,4.0,-0.3333333333333335,1.0,3,06-073-0001;06-073-1016;06-073-1026,-0.3635505000000001,0.2140691666666661
San Diego,2023,san_diego_2023-08-28,4.0,4.0,0.0,1.0,4,06-073-0001;06-073-1016;06-073-1022;06-073-1026,3.7334538095238106,3.733453809523809
San Diego,2023,san_diego_2023-09-10,4.0,4.5,-0.5,0.8,3,06-073-0001;06-073-1016;06-073-1026,-5.589334071428572,-5.605001642857143
San Diego,2024,san_diego_2024-06-22,5.0,5.0,0.0,1.0,5,06-073-0001;06-073-1016;06-073-1022;06-073-1025;06-073-1026,1.0765629285714289,1.0765629285714287
San Diego,2024,san_diego_2024-08-13,5.0,3.6666666666666665,1.3333333333333335,1.0,3,06-073-0001;06-073-1016;06-073-1026,0.2265838571428586,0.029136714285712628
San Diego,2024,san_diego_2024-09-05,5.0,4.666666666666667,0.33333333333333304,1.0,4,06-073-0001;06-073-1016;06-073-1025;06-073-1026,3.1487008333333346,4.173215857142857
San Diego,2024,san_diego_2024-10-01,4.5,4.5,0.0,1.0,4,06-073-0001;06-073-1016;06-073-1025;06-073-1026,6.757688714285711,7.047565928571431
San Diego,2025,san_diego_2025-08-20,4.0,3.25,0.75,1.0,3,06-073-1016;06-073-1022;06-073-1026,3.1691835357142843,3.570188714285714
San Diego,2025,san_diego_2025-08-30,4.0,4.0,0.0,1.0,4,06-073-1016;06-073-1022;06-073-1025;06-073-1026,-0.7786024285714301,-0.7786024285714301
Seattle,2019,seattle_2019-08-05,2.0,2.0,0.0,1.0,2,53-033-0030;53-033-0080,6.827281357142857,6.827281357142857
Seattle,2019,seattle_2019-08-12,2.0,1.75,0.25,1.0,2,53-033-0030;53-033-0080,2.6310703749999984,2.6310703750000037
Seattle,2019,seattle_2019-09-02,2.0,2.0,0.0,1.0,2,53-033-0030;53-033-0080,2.7054770714285734,2.7054770714285716
Seattle,2020,seattle_2020-08-27,2.0,2.0,0.0,1.0,2,53-033-0030;53-033-0080,4.621605107142855,4.621605107142853
Seattle,2021,seattle_2021-07-10,2.0,2.0,0.0,1.0,1,53-033-0080,2.448675357142859,0.8594908928571421
Seattle,2021,seattle_2021-07-18,1.5,2.0,-0.5,1.0,1,53-033-0080,-1.57728,-0.41182658571428554
Seattle,2021,seattle_2021-07-27,2.0,2.0,0.0,1.0,2,53-033-0030;53-033-0080,8.937736535714286,8.937736535714286
Seattle,2022,seattle_2022-07-29,2.0,2.0,0.0,1.0,2,53-033-0030;53-033-0080,8.922451071428569,8.92245107142857
Seattle,2022,seattle_2022-08-14,2.0,2.0,0.0,1.0,2,53-033-0030;53-033-0080,-2.602516678571428,-2.6025166785714298
Seattle,2023,seattle_2023-08-16,2.0,2.0,0.0,1.0,2,53-033-0030;53-033-0080,9.840120214285712,9.840120214285712
Seattle,2023,seattle_2023-09-15,2.0,2.0,0.0,1.0,2,53-033-0030;53-033-0080,4.667509571428573,4.667509571428573
Seattle,2024,seattle_2024-07-11,2.0,2.0,0.0,1.0,2,53-033-0030;53-033-0080,-3.2973429285714277,-3.2973429285714255
Seattle,2024,seattle_2024-08-02,2.0,1.3333333333333333,0.6666666666666667,1.0,1,53-033-0080,7.882436547619049,5.103613104761905
Seattle,2025,seattle_2025-06-09,2.5,2.0,0.5,0.6666666666666666,1,53-033-0057,2.4588897857142857,3.3782218142857134
Seattle,2025,seattle_2025-07-30,1.6666666666666667,2.6666666666666665,-0.9999999999999998,1.0,0,,,
Seattle,2025,seattle_2025-08-24,3.0,3.0,0.0,1.0,3,53-033-0030;53-033-0057;53-033-0080,14.238112095238094,14.238112095238094
