city,stratum,station_days,city_dates,episode_station_days,comparator_station_days
Atlanta,13-089-0002|2019|8|0,3,3,2,1
Atlanta,13-089-0002|2019|8|1,3,3,1,2
Atlanta,13-089-0002|2019|8|5,3,3,2,1
Atlanta,13-089-0002|2019|8|6,3,3,2,1
Atlanta,13-089-0002|2020|7|1,3,3,2,1
Atlanta,13-089-0002|2020|7|2,3,3,2,1
Atlanta,13-089-0002|2020|7|3,3,3,2,1
Atlanta,13-089-0002|2020|7|4,3,3,1,2
Atlanta,13-089-0002|2020|7|5,3,3,1,2
Atlanta,13-089-0002|2020|8|2,4,4,2,2
Atlanta,13-089-0002|2020|8|4,3,3,1,2
Atlanta,13-089-0002|2021|7|1,2,2,1,1
Atlanta,13-089-0002|2021|7|2,3,3,1,2
Atlanta,13-089-0002|2021|7|3,3,3,1,2
Atlanta,13-089-0002|2021|8|0,3,3,2,1
Atlanta,13-089-0002|2021|8|2,3,3,1,2
Atlanta,13-089-0002|2022|7|2,2,2,1,1
Atlanta,13-089-0002|2022|7|3,2,2,1,1
Atlanta,13-089-0002|2022|7|4,3,3,1,2
Atlanta,13-089-0002|2022|7|5,4,4,2,2
Atlanta,13-089-0002|2023|6|4,2,2,1,1
Atlanta,13-089-0002|2023|7|1,3,3,1,2
Atlanta,13-089-0002|2023|7|2,2,2,1,1
Atlanta,13-089-0002|2023|7|3,2,2,1,1
Atlanta,13-089-0002|2023|8|1,2,2,1,1
Atlanta,13-089-0002|2023|8|5,2,2,1,1
Atlanta,13-089-0002|2024|6|5,3,3,2,1
Atlanta,13-089-0002|2024|7|0,3,3,1,2
Atlanta,13-089-0002|2024|7|3,2,2,1,1
Atlanta,13-089-0002|2024|7|4,4,4,2,2
Atlanta,13-089-0002|2024|7|5,3,3,2,1
Atlanta,13-089-0002|2024|8|2,2,2,1,1
Atlanta,13-089-0002|2024|9|0,2,2,1,1
Atlanta,13-089-0003|2019|8|0,3,3,2,1
Atlanta,13-089-0003|2019|8|1,3,3,1,2
Atlanta,13-089-0003|2019|8|5,3,3,2,1
Atlanta,13-089-0003|2019|8|6,3,3,2,1
Atlanta,13-089-0003|2020|7|1,3,3,2,1
Atlanta,13-089-0003|2020|7|2,3,3,2,1
Atlanta,13-089-0003|2020|7|3,3,3,2,1
Atlanta,13-089-0003|2020|7|4,3,3,1,2
Atlanta,13-089-0003|2020|7|5,3,3,1,2
Atlanta,13-089-0003|2020|8|2,4,4,2,2
Atlanta,13-089-0003|2020|8|4,3,3,1,2
Atlanta,13-089-0003|2021|7|1,2,2,1,1
Atlanta,13-089-0003|2021|7|2,3,3,1,2
Atlanta,13-089-0003|2021|7|3,3,3,1,2
Atlanta,13-089-0003|2021|8|0,3,3,2,1
Atlanta,13-089-0003|2021|8|2,3,3,1,2
Atlanta,13-089-0003|2022|7|1,2,2,1,1
Atlanta,13-089-0003|2022|7|2,2,2,1,1
Atlanta,13-089-0003|2022|7|3,2,2,1,1
Atlanta,13-089-0003|2022|7|4,3,3,1,2
Atlanta,13-089-0003|2022|7|5,4,4,2,2
Atlanta,13-089-0003|2023|6|4,2,2,1,1
Atlanta,13-089-0003|2023|7|1,3,3,1,2
Atlanta,13-089-0003|2023|7|2,2,2,1,1
Atlanta,13-089-0003|2023|7|3,2,2,1,1
Atlanta,13-089-0003|2023|8|1,2,2,1,1
Atlanta,13-089-0003|2023|8|5,2,2,1,1
Atlanta,13-089-0003|2024|6|5,3,3,2,1
Atlanta,13-089-0003|2024|7|0,3,3,1,2
Atlanta,13-089-0003|2024|7|3,2,2,1,1
Atlanta,13-089-0003|2024|7|4,4,4,2,2
Atlanta,13-089-0003|2024|7|5,3,3,2,1
Atlanta,13-089-0003|2024|8|2,2,2,1,1
Atlanta,13-089-0003|2024|9|0,2,2,1,1
Atlanta,13-121-0056|2019|7|4,2,2,1,1
Atlanta,13-121-0056|2019|8|0,3,3,2,1
Atlanta,13-121-0056|2019|8|1,3,3,1,2
Atlanta,13-121-0056|2019|8|5,3,3,2,1
Atlanta,13-121-0056|2019|8|6,3,3,2,1
Atlanta,13-121-0056|2020|7|1,3,3,2,1
Atlanta,13-121-0056|2020|7|2,3,3,2,1
Atlanta,13-121-0056|2020|7|3,3,3,2,1
Atlanta,13-121-0056|2020|7|4,3,3,1,2
Atlanta,13-121-0056|2020|7|5,3,3,1,2
Atlanta,13-121-0056|2020|8|2,4,4,2,2
Atlanta,13-121-0056|2020|8|4,3,3,1,2
Atlanta,13-121-0056|2021|7|1,2,2,1,1
Atlanta,13-121-0056|2021|7|2,3,3,1,2
Atlanta,13-121-0056|2021|7|3,3,3,1,2
Atlanta,13-121-0056|2021|8|0,3,3,2,1
Atlanta,13-121-0056|2021|8|2,3,3,1,2
Atlanta,13-121-0056|2022|7|1,2,2,1,1
Atlanta,13-121-0056|2022|7|2,2,2,1,1
Atlanta,13-121-0056|2022|7|4,3,3,1,2
Atlanta,13-121-0056|2022|7|5,4,4,2,2
Atlanta,13-121-0056|2023|6|4,2,2,1,1
Atlanta,13-121-0056|2023|7|1,3,3,1,2
Atlanta,13-121-0056|2023|7|2,2,2,1,1
Atlanta,13-121-0056|2023|7|3,2,2,1,1
Atlanta,13-121-0056|2023|8|1,2,2,1,1
Atlanta,13-121-0056|2023|8|5,2,2,1,1
Atlanta,13-121-0056|2024|6|5,3,3,2,1
Atlanta,13-121-0056|2024|7|0,3,3,1,2
Atlanta,13-121-0056|2024|7|3,2,2,1,1
Atlanta,13-121-0056|2024|7|4,3,3,2,1
Atlanta,13-121-0056|2024|7|5,3,3,2,1
Atlanta,13-121-0056|2024|8|2,2,2,1,1
Atlanta,13-121-0056|2024|9|0,2,2,1,1
Chicago,17-031-0076|2019|7|0,2,2,1,1
Chicago,17-031-0076|2019|7|1,2,2,1,1
Chicago,17-031-0076|2021|7|6,2,2,1,1
Chicago,17-031-0076|2022|8|2,2,2,1,1
Chicago,17-031-0076|2023|7|0,2,2,1,1
Chicago,17-031-0076|2024|7|1,2,2,1,1
Chicago,17-031-0076|2024|7|2,2,2,1,1
Chicago,17-031-0076|2024|8|2,2,2,1,1
Chicago,17-031-0076|2024|8|3,2,2,1,1
Chicago,17-031-0076|2024|8|4,3,3,1,2
Chicago,17-031-0076|2024|9|3,2,2,1,1
Chicago,17-031-0219|2020|8|4,2,2,1,1
Chicago,17-031-0219|2020|8|5,2,2,1,1
Chicago,17-031-0219|2021|7|0,2,2,1,1
Chicago,17-031-0219|2021|7|1,2,2,1,1
Chicago,17-031-0219|2021|7|6,2,2,1,1
Chicago,17-031-0219|2021|8|2,3,3,2,1
Chicago,17-031-0219|2021|8|4,2,2,1,1
Chicago,17-031-0219|2022|8|2,2,2,1,1
Chicago,17-031-0219|2023|7|0,3,3,1,2
Chicago,17-031-0219|2023|7|1,2,2,1,1
Chicago,17-031-0219|2024|7|1,2,2,1,1
Chicago,17-031-0219|2024|7|2,2,2,1,1
Chicago,17-031-0219|2024|8|2,2,2,1,1
Chicago,17-031-0219|2024|8|3,2,2,1,1
Chicago,17-031-0219|2024|8|4,3,3,1,2
Chicago,17-031-0219|2024|9|3,2,2,1,1
Chicago,17-031-3103|2019|7|0,2,2,1,1
Chicago,17-031-3103|2019|7|1,2,2,1,1
Chicago,17-031-3103|2020|8|4,2,2,1,1
Chicago,17-031-3103|2020|8|5,2,2,1,1
Chicago,17-031-3103|2021|7|0,2,2,1,1
Chicago,17-031-3103|2021|7|1,2,2,1,1
Chicago,17-031-3103|2021|7|6,2,2,1,1
Chicago,17-031-3103|2021|8|2,3,3,2,1
Chicago,17-031-3103|2021|8|4,2,2,1,1
Chicago,17-031-3103|2022|8|2,2,2,1,1
Chicago,17-031-3103|2023|7|0,4,4,1,3
Chicago,17-031-3103|2023|7|1,3,3,2,1
Chicago,17-031-3103|2023|7|2,2,2,1,1
Chicago,17-031-3103|2024|7|1,2,2,1,1
Chicago,17-031-3103|2024|7|2,2,2,1,1
Chicago,17-031-3103|2024|8|2,2,2,1,1
Chicago,17-031-3103|2024|8|3,2,2,1,1
Chicago,17-031-3103|2024|8|4,3,3,1,2
Chicago,17-031-3103|2024|9|3,2,2,1,1
Chicago,17-031-4002|2019|7|0,2,2,1,1
Chicago,17-031-4002|2019|7|1,2,2,1,1
Chicago,17-031-4002|2020|8|4,2,2,1,1
Chicago,17-031-4002|2021|7|0,2,2,1,1
Chicago,17-031-4002|2021|7|1,2,2,1,1
Chicago,17-031-4002|2021|7|6,2,2,1,1
Chicago,17-031-4002|2021|8|2,3,3,2,1
Chicago,17-031-4002|2021|8|4,2,2,1,1
Chicago,17-031-4002|2023|7|0,2,2,1,1
Chicago,17-031-4002|2024|7|1,2,2,1,1
Chicago,17-031-4002|2024|7|2,2,2,1,1
Chicago,17-031-4002|2024|8|2,2,2,1,1
Chicago,17-031-4002|2024|8|3,2,2,1,1
Chicago,17-031-4002|2024|8|4,3,3,1,2
Chicago,17-031-4002|2024|9|3,2,2,1,1
Dallas,48-113-0069|2019|9|6,2,2,1,1
Dallas,48-113-0069|2021|6|0,2,2,1,1
Dallas,48-113-0069|2021|7|3,4,4,1,3
Dallas,48-113-0069|2021|7|4,2,2,1,1
Dallas,48-113-0069|2021|8|2,2,2,1,1
Dallas,48-113-0069|2021|8|3,2,2,1,1
Dallas,48-113-0069|2022|6|4,2,2,1,1
Dallas,48-113-0069|2022|6|5,2,2,1,1
Dallas,48-113-0069|2022|8|2,3,3,1,2
Dallas,48-113-0069|2022|8|3,3,3,1,2
Dallas,48-113-0069|2022|9|1,3,3,1,2
Dallas,48-113-0069|2022|9|2,2,2,1,1
Dallas,48-113-0069|2022|9|3,4,4,1,3
Dallas,48-113-0069|2023|7|6,2,2,1,1
Dallas,48-113-0069|2024|7|2,2,2,1,1
Dallas,48-113-0069|2024|7|3,3,3,1,2
Dallas,48-113-0069|2024|8|1,2,2,1,1
Dallas,48-113-0069|2024|8|4,3,3,1,2
Dallas,48-113-0069|2024|8|5,3,3,1,2
Dallas,48-113-0075|2019|9|6,2,2,1,1
Dallas,48-113-0075|2021|6|0,2,2,1,1
Dallas,48-113-0075|2021|7|0,3,3,1,2
Dallas,48-113-0075|2021|7|1,3,3,1,2
Dallas,48-113-0075|2021|7|2,3,3,1,2
Dallas,48-113-0075|2021|7|3,4,4,1,3
Dallas,48-113-0075|2021|7|4,2,2,1,1
Dallas,48-113-0075|2021|8|2,2,2,1,1
Dallas,48-113-0075|2021|8|3,2,2,1,1
Dallas,48-113-0075|2022|6|4,2,2,1,1
Dallas,48-113-0075|2022|6|5,2,2,1,1
Dallas,48-113-0075|2023|7|6,2,2,1,1
Dallas,48-113-0075|2024|7|2,2,2,1,1
Dallas,48-113-0075|2024|7|3,3,3,1,2
Dallas,48-113-0075|2024|8|1,2,2,1,1
Dallas,48-113-0075|2024|8|4,3,3,1,2
Dallas,48-113-0075|2024|8|5,3,3,1,2
Dallas,48-113-0087|2021|6|0,2,2,1,1
Dallas,48-113-0087|2021|7|0,3,3,1,2
Dallas,48-113-0087|2021|7|1,3,3,1,2
Dallas,48-113-0087|2021|7|2,3,3,1,2
Dallas,48-113-0087|2021|7|3,4,4,1,3
Dallas,48-113-0087|2021|7|4,2,2,1,1
Dallas,48-113-0087|2021|8|2,2,2,1,1
Dallas,48-113-0087|2021|8|3,2,2,1,1
Dallas,48-113-0087|2022|6|5,2,2,1,1
Dallas,48-113-0087|2022|9|1,2,2,1,1
Dallas,48-113-0087|2022|9|3,2,2,1,1
Dallas,48-113-0087|2023|7|6,2,2,1,1
Dallas,48-113-0087|2024|7|3,2,2,1,1
Dallas,48-113-1067|2019|9|6,2,2,1,1
Dallas,48-113-1067|2021|6|0,2,2,1,1
Dallas,48-113-1067|2021|7|0,3,3,1,2
Dallas,48-113-1067|2021|7|2,3,3,1,2
Dallas,48-113-1067|2021|7|3,4,4,1,3
Dallas,48-113-1067|2021|7|4,2,2,1,1
Dallas,48-113-1067|2022|6|4,2,2,1,1
Dallas,48-113-1067|2022|6|5,2,2,1,1
Dallas,48-113-1067|2022|8|2,2,2,1,1
Dallas,48-113-1067|2022|8|3,3,3,1,2
Dallas,48-113-1067|2022|9|1,3,3,1,2
Dallas,48-113-1067|2022|9|2,2,2,1,1
Dallas,48-113-1067|2022|9|3,4,4,1,3
Dallas,48-113-1067|2024|7|2,2,2,1,1
Dallas,48-113-1067|2024|7|3,3,3,1,2
Dallas,48-113-1067|2024|8|1,2,2,1,1
Dallas,48-113-1067|2024|8|4,3,3,1,2
Dallas,48-113-1067|2024|8|5,3,3,1,2
Denver,08-001-3001|2021|8|0,2,2,1,1
Denver,08-001-3001|2024|7|0,3,3,1,2
Denver,08-001-3001|2024|7|6,2,2,1,1
Denver,08-031-0002|2019|8|6,2,2,1,1
Denver,08-031-0002|2021|8|0,2,2,1,1
Denver,08-031-0002|2022|8|0,3,3,1,2
Denver,08-031-0002|2022|8|1,3,3,1,2
Denver,08-031-0002|2024|7|0,3,3,1,2
Denver,08-031-0002|2024|7|6,2,2,1,1
Denver,08-031-0026|2019|8|6,2,2,1,1
Denver,08-031-0026|2021|8|0,2,2,1,1
Denver,08-031-0026|2022|8|0,3,3,1,2
Denver,08-031-0026|2022|8|1,3,3,1,2
Denver,08-031-0026|2024|7|6,2,2,1,1
Denver,08-031-0027|2019|8|6,2,2,1,1
Denver,08-031-0027|2021|8|0,2,2,1,1
Denver,08-031-0027|2022|8|0,3,3,1,2
Denver,08-031-0027|2022|8|1,3,3,1,2
Denver,08-031-0027|2024|7|0,3,3,1,2
Denver,08-031-0027|2024|7|6,2,2,1,1
Denver,08-031-0028|2019|8|6,2,2,1,1
Denver,08-031-0028|2021|8|0,2,2,1,1
Denver,08-031-0028|2022|8|0,3,3,1,2
Denver,08-031-0028|2022|8|1,3,3,1,2
Denver,08-031-0028|2024|7|0,3,3,1,2
Denver,08-031-0028|2024|7|6,2,2,1,1
Houston,48-201-0024|2019|8|2,3,3,1,2
Houston,48-201-0024|2019|8|3,3,3,1,2
Houston,48-201-0024|2019|8|4,2,2,1,1
Houston,48-201-0024|2019|8|5,3,3,1,2
Houston,48-201-0024|2019|9|0,2,2,1,1
Houston,48-201-0024|2020|8|0,2,2,1,1
Houston,48-201-0024|2020|8|3,2,2,1,1
Houston,48-201-0024|2021|6|1,2,2,1,1
Houston,48-201-0024|2021|6|2,3,3,1,2
Houston,48-201-0024|2021|6|5,3,3,1,2
Houston,48-201-0024|2021|7|6,3,3,1,2
Houston,48-201-0024|2021|8|1,3,3,1,2
Houston,48-201-0024|2022|6|5,2,2,1,1
Houston,48-201-0024|2022|8|2,3,3,1,2
Houston,48-201-0024|2022|8|3,2,2,1,1
Houston,48-201-0024|2022|9|3,3,3,1,2
Houston,48-201-0024|2022|9|4,4,4,1,3
Houston,48-201-0024|2023|9|0,2,2,1,1
Houston,48-201-0024|2023|9|1,2,2,1,1
Houston,48-201-0024|2023|9|4,2,2,1,1
Houston,48-201-0024|2023|9|5,2,2,1,1
Houston,48-201-0024|2024|6|6,3,3,1,2
Houston,48-201-0024|2024|7|0,2,2,1,1
Houston,48-201-0024|2024|7|1,2,2,1,1
Houston,48-201-0024|2024|8|0,4,4,3,1
Houston,48-201-0024|2024|8|1,4,4,3,1
Houston,48-201-0024|2024|8|2,4,4,3,1
Houston,48-201-0024|2024|8|3,5,5,4,1
Houston,48-201-0024|2024|9|2,2,2,1,1
Houston,48-201-0026|2019|8|2,3,3,1,2
Houston,48-201-0026|2019|8|3,3,3,1,2
Houston,48-201-0026|2019|8|4,3,3,2,1
Houston,48-201-0026|2019|8|5,3,3,1,2
Houston,48-201-0026|2019|9|0,2,2,1,1
Houston,48-201-0026|2020|8|0,2,2,1,1
Houston,48-201-0026|2020|8|3,2,2,1,1
Houston,48-201-0026|2021|6|1,3,3,1,2
Houston,48-201-0026|2021|6|5,3,3,1,2
Houston,48-201-0026|2021|7|0,4,4,1,3
Houston,48-201-0026|2021|7|6,3,3,1,2
Houston,48-201-0026|2021|8|0,3,3,1,2
Houston,48-201-0026|2021|8|1,3,3,1,2
Houston,48-201-0026|2022|6|5,2,2,1,1
Houston,48-201-0026|2022|8|2,3,3,1,2
Houston,48-201-0026|2022|8|3,2,2,1,1
Houston,48-201-0026|2022|9|3,3,3,1,2
Houston,48-201-0026|2022|9|4,4,4,1,3
Houston,48-201-0026|2023|9|0,2,2,1,1
Houston,48-201-0026|2023|9|1,2,2,1,1
Houston,48-201-0026|2023|9|4,2,2,1,1
Houston,48-201-0026|2023|9|5,2,2,1,1
Houston,48-201-0026|2024|6|3,2,2,1,1
Houston,48-201-0026|2024|6|4,2,2,1,1
Houston,48-201-0026|2024|6|6,3,3,1,2
Houston,48-201-0026|2024|7|0,2,2,1,1
Houston,48-201-0026|2024|7|1,2,2,1,1
Houston,48-201-0026|2024|8|0,4,4,3,1
Houston,48-201-0026|2024|8|1,4,4,3,1
Houston,48-201-0026|2024|8|2,4,4,3,1
Houston,48-201-0026|2024|8|3,5,5,4,1
Houston,48-201-0026|2024|9|2,2,2,1,1
Houston,48-201-0026|2024|9|4,3,3,1,2
Houston,48-201-0047|2019|8|2,3,3,1,2
Houston,48-201-0047|2019|8|3,3,3,1,2
Houston,48-201-0047|2019|8|4,3,3,2,1
Houston,48-201-0047|2019|8|5,3,3,1,2
Houston,48-201-0047|2019|9|0,2,2,1,1
Houston,48-201-0047|2020|8|0,2,2,1,1
Houston,48-201-0047|2020|8|3,2,2,1,1
Houston,48-201-0047|2021|6|5,2,2,1,1
Houston,48-201-0047|2021|7|0,3,3,1,2
Houston,48-201-0047|2021|7|6,3,3,1,2
Houston,48-201-0047|2021|8|0,3,3,1,2
Houston,48-201-0047|2021|8|1,2,2,1,1
Houston,48-201-0047|2022|6|5,2,2,1,1
Houston,48-201-0047|2022|9|3,3,3,1,2
Houston,48-201-0047|2022|9|4,2,2,1,1
Houston,48-201-0047|2024|6|3,2,2,1,1
Houston,48-201-0047|2024|6|4,2,2,1,1
Houston,48-201-0047|2024|6|6,3,3,1,2
Houston,48-201-0047|2024|7|0,2,2,1,1
Houston,48-201-0047|2024|7|1,2,2,1,1
Houston,48-201-0047|2024|8|2,3,3,2,1
Houston,48-201-0047|2024|8|3,4,4,3,1
Houston,48-201-0047|2024|9|2,2,2,1,1
Houston,48-201-0047|2024|9|4,3,3,1,2
Houston,48-201-0055|2019|8|2,3,3,1,2
Houston,48-201-0055|2019|8|3,2,2,1,1
Houston,48-201-0055|2019|8|4,3,3,2,1
Houston,48-201-0055|2019|8|5,3,3,1,2
Houston,48-201-0055|2019|9|0,2,2,1,1
Houston,48-201-0055|2020|8|3,2,2,1,1
Houston,48-201-0055|2021|6|1,2,2,1,1
Houston,48-201-0055|2021|6|2,2,2,1,1
Houston,48-201-0055|2021|6|5,3,3,1,2
Houston,48-201-0055|2021|7|0,3,3,1,2
Houston,48-201-0055|2021|7|6,2,2,1,1
Houston,48-201-0055|2021|8|0,3,3,1,2
Houston,48-201-0055|2021|8|1,3,3,1,2
Houston,48-201-0055|2022|6|5,2,2,1,1
Houston,48-201-0055|2022|8|2,2,2,1,1
Houston,48-201-0055|2022|8|3,2,2,1,1
Houston,48-201-0055|2022|9|3,3,3,1,2
Houston,48-201-0055|2022|9|4,4,4,1,3
Houston,48-201-0055|2023|9|0,2,2,1,1
Houston,48-201-0055|2023|9|1,2,2,1,1
Houston,48-201-0055|2023|9|5,2,2,1,1
Houston,48-201-0055|2024|6|6,3,3,1,2
Houston,48-201-0055|2024|8|0,4,4,3,1
Houston,48-201-0055|2024|8|1,4,4,3,1
Houston,48-201-0055|2024|8|2,4,4,3,1
Houston,48-201-0055|2024|8|3,5,5,4,1
Houston,48-201-0055|2024|9|2,2,2,1,1
Houston,48-201-0416|2019|8|2,3,3,1,2
Houston,48-201-0416|2019|8|3,3,3,1,2
Houston,48-201-0416|2019|8|4,3,3,2,1
Houston,48-201-0416|2019|8|5,3,3,1,2
Houston,48-201-0416|2019|9|0,2,2,1,1
Houston,48-201-0416|2020|8|3,2,2,1,1
Houston,48-201-0416|2021|6|1,3,3,1,2
Houston,48-201-0416|2021|6|2,3,3,1,2
Houston,48-201-0416|2021|6|5,3,3,1,2
Houston,48-201-0416|2021|7|0,4,4,1,3
Houston,48-201-0416|2021|7|6,3,3,1,2
Houston,48-201-0416|2021|8|0,3,3,1,2
Houston,48-201-0416|2021|8|1,3,3,1,2
Houston,48-201-0416|2022|6|5,2,2,1,1
Houston,48-201-0416|2022|8|2,3,3,1,2
Houston,48-201-0416|2022|8|3,2,2,1,1
Houston,48-201-0416|2022|9|3,2,2,1,1
Houston,48-201-0416|2022|9|4,3,3,1,2
Houston,48-201-0416|2023|9|0,2,2,1,1
Houston,48-201-0416|2023|9|1,2,2,1,1
Houston,48-201-0416|2023|9|4,2,2,1,1
Houston,48-201-0416|2023|9|5,2,2,1,1
Houston,48-201-0416|2024|6|3,2,2,1,1
Houston,48-201-0416|2024|6|4,2,2,1,1
Houston,48-201-0416|2024|6|6,3,3,1,2
Houston,48-201-0416|2024|7|0,2,2,1,1
Houston,48-201-0416|2024|7|1,2,2,1,1
Houston,48-201-0416|2024|8|0,4,4,3,1
Houston,48-201-0416|2024|8|1,4,4,3,1
Houston,48-201-0416|2024|8|2,4,4,3,1
Houston,48-201-0416|2024|8|3,5,5,4,1
Houston,48-201-0416|2024|9|2,2,2,1,1
Houston,48-201-0416|2024|9|4,3,3,1,2
Houston,48-201-0417|2021|6|1,2,2,1,1
Houston,48-201-0417|2021|6|2,3,3,1,2
Houston,48-201-0417|2021|6|5,3,3,1,2
Houston,48-201-0417|2021|7|0,4,4,1,3
Houston,48-201-0417|2021|7|6,3,3,1,2
Houston,48-201-0417|2021|8|0,3,3,1,2
Houston,48-201-0417|2021|8|1,3,3,1,2
Houston,48-201-0417|2022|6|5,2,2,1,1
Houston,48-201-0417|2022|8|2,3,3,1,2
Houston,48-201-0417|2022|8|3,2,2,1,1
Houston,48-201-0417|2022|9|3,3,3,1,2
Houston,48-201-0417|2022|9|4,4,4,1,3
Houston,48-201-0417|2023|9|0,2,2,1,1
Houston,48-201-0417|2023|9|1,2,2,1,1
Houston,48-201-0417|2023|9|4,2,2,1,1
Houston,48-201-0417|2023|9|5,2,2,1,1
Houston,48-201-0417|2024|6|3,2,2,1,1
Houston,48-201-0417|2024|6|4,2,2,1,1
Houston,48-201-0417|2024|6|6,3,3,1,2
Houston,48-201-0417|2024|7|0,2,2,1,1
Houston,48-201-0417|2024|7|1,3,3,2,1
Houston,48-201-0417|2024|7|2,4,4,1,3
Houston,48-201-0417|2024|8|0,4,4,3,1
Houston,48-201-0417|2024|8|1,4,4,3,1
Houston,48-201-0417|2024|8|2,4,4,3,1
Houston,48-201-0417|2024|8|3,5,5,4,1
Houston,48-201-0417|2024|9|2,2,2,1,1
Houston,48-201-0417|2024|9|4,3,3,1,2
Houston,48-201-1034|2019|8|3,3,3,1,2
Houston,48-201-1034|2019|8|4,2,2,1,1
Houston,48-201-1034|2019|8|5,3,3,1,2
Houston,48-201-1034|2019|9|0,2,2,1,1
Houston,48-201-1034|2020|8|3,2,2,1,1
Houston,48-201-1034|2021|6|1,3,3,1,2
Houston,48-201-1034|2021|6|2,3,3,1,2
Houston,48-201-1034|2021|6|5,3,3,1,2
Houston,48-201-1034|2021|7|0,4,4,1,3
Houston,48-201-1034|2021|7|6,3,3,1,2
Houston,48-201-1034|2021|8|0,3,3,1,2
Houston,48-201-1034|2021|8|1,3,3,1,2
Houston,48-201-1034|2022|6|5,2,2,1,1
Houston,48-201-1034|2022|8|2,3,3,1,2
Houston,48-201-1034|2022|8|3,2,2,1,1
Houston,48-201-1034|2022|9|3,3,3,1,2
Houston,48-201-1034|2022|9|4,4,4,1,3
Houston,48-201-1034|2023|9|0,2,2,1,1
Houston,48-201-1034|2023|9|1,2,2,1,1
Houston,48-201-1034|2023|9|4,2,2,1,1
Houston,48-201-1034|2023|9|5,2,2,1,1
Houston,48-201-1034|2024|6|3,2,2,1,1
Houston,48-201-1034|2024|6|4,2,2,1,1
Houston,48-201-1034|2024|6|6,3,3,1,2
Houston,48-201-1034|2024|7|0,2,2,1,1
Houston,48-201-1034|2024|7|1,2,2,1,1
Houston,48-201-1034|2024|8|0,4,4,3,1
Houston,48-201-1034|2024|8|1,4,4,3,1
Houston,48-201-1034|2024|8|3,5,5,4,1
Houston,48-201-1034|2024|9|2,2,2,1,1
Houston,48-201-1034|2024|9|4,3,3,1,2
Houston,48-201-1035|2019|8|2,3,3,1,2
Houston,48-201-1035|2019|8|3,3,3,1,2
Houston,48-201-1035|2019|8|4,3,3,2,1
Houston,48-201-1035|2019|8|5,3,3,1,2
Houston,48-201-1035|2019|9|0,2,2,1,1
Houston,48-201-1035|2020|8|3,2,2,1,1
Houston,48-201-1035|2021|6|1,2,2,1,1
Houston,48-201-1035|2021|6|2,3,3,1,2
Houston,48-201-1035|2021|6|5,3,3,1,2
Houston,48-201-1035|2021|7|0,4,4,1,3
Houston,48-201-1035|2021|7|6,3,3,1,2
Houston,48-201-1035|2021|8|0,3,3,1,2
Houston,48-201-1035|2021|8|1,3,3,1,2
Houston,48-201-1035|2022|6|5,2,2,1,1
Houston,48-201-1035|2022|8|2,2,2,1,1
Houston,48-201-1035|2022|8|3,2,2,1,1
Houston,48-201-1035|2024|6|3,2,2,1,1
Houston,48-201-1035|2024|6|4,2,2,1,1
Houston,48-201-1035|2024|8|0,4,4,3,1
Houston,48-201-1035|2024|8|2,3,3,2,1
Houston,48-201-1035|2024|8|3,5,5,4,1
Houston,48-201-1035|2024|9|2,2,2,1,1
Houston,48-201-1035|2024|9|4,3,3,1,2
Houston,48-201-1052|2019|8|2,3,3,1,2
Houston,48-201-1052|2019|8|3,3,3,1,2
Houston,48-201-1052|2019|8|4,3,3,2,1
Houston,48-201-1052|2019|8|5,3,3,1,2
Houston,48-201-1052|2019|9|0,2,2,1,1
Houston,48-201-1052|2020|8|0,2,2,1,1
Houston,48-201-1052|2020|8|3,2,2,1,1
Houston,48-201-1052|2021|6|1,3,3,1,2
Houston,48-201-1052|2021|6|5,3,3,1,2
Houston,48-201-1052|2022|6|5,2,2,1,1
Houston,48-201-1052|2022|8|2,2,2,1,1
Houston,48-201-1052|2022|8|3,2,2,1,1
Houston,48-201-1052|2022|9|3,3,3,1,2
Houston,48-201-1052|2022|9|4,4,4,1,3
Houston,48-201-1052|2023|9|1,2,2,1,1
Houston,48-201-1052|2023|9|4,2,2,1,1
Houston,48-201-1052|2023|9|5,2,2,1,1
Houston,48-201-1052|2024|6|3,2,2,1,1
Houston,48-201-1052|2024|6|4,2,2,1,1
Houston,48-201-1052|2024|6|6,3,3,1,2
Houston,48-201-1052|2024|7|0,2,2,1,1
Houston,48-201-1052|2024|7|1,2,2,1,1
Houston,48-201-1052|2024|7|2,4,4,1,3
Houston,48-201-1052|2024|8|0,4,4,3,1
Houston,48-201-1052|2024|8|1,4,4,3,1
Houston,48-201-1052|2024|8|2,4,4,3,1
Houston,48-201-1052|2024|8|3,5,5,4,1
Houston,48-201-1052|2024|9|2,2,2,1,1
Houston,48-201-1052|2024|9|4,3,3,1,2
Houston,48-201-1066|2019|8|2,3,3,1,2
Houston,48-201-1066|2019|8|4,2,2,1,1
Houston,48-201-1066|2020|8|0,2,2,1,1
Houston,48-201-1066|2020|8|3,2,2,1,1
Houston,48-201-1066|2021|6|1,3,3,1,2
Houston,48-201-1066|2021|6|2,2,2,1,1
Houston,48-201-1066|2021|6|5,3,3,1,2
Houston,48-201-1066|2021|7|0,4,4,1,3
Houston,48-201-1066|2021|7|6,3,3,1,2
Houston,48-201-1066|2021|8|0,3,3,1,2
Houston,48-201-1066|2021|8|1,3,3,1,2
Houston,48-201-1066|2022|6|5,2,2,1,1
Houston,48-201-1066|2022|8|2,3,3,1,2
Houston,48-201-1066|2022|8|3,2,2,1,1
Houston,48-201-1066|2022|9|3,3,3,1,2
Houston,48-201-1066|2022|9|4,4,4,1,3
Houston,48-201-1066|2023|9|0,2,2,1,1
Houston,48-201-1066|2023|9|1,2,2,1,1
Houston,48-201-1066|2023|9|4,2,2,1,1
Houston,48-201-1066|2023|9|5,2,2,1,1
Houston,48-201-1066|2024|6|3,2,2,1,1
Houston,48-201-1066|2024|6|4,2,2,1,1
Houston,48-201-1066|2024|6|6,3,3,1,2
Houston,48-201-1066|2024|7|0,2,2,1,1
Houston,48-201-1066|2024|7|1,2,2,1,1
Houston,48-201-1066|2024|8|0,4,4,3,1
Houston,48-201-1066|2024|8|1,4,4,3,1
Houston,48-201-1066|2024|8|2,4,4,3,1
Houston,48-201-1066|2024|8|3,5,5,4,1
Houston,48-201-1066|2024|9|2,2,2,1,1
Houston,48-201-1066|2024|9|4,3,3,1,2
Los Angeles,06-037-0113|2019|8|0,2,2,1,1
Los Angeles,06-037-0113|2019|9|4,2,2,1,1
Los Angeles,06-037-0113|2019|9|5,2,2,1,1
Los Angeles,06-037-0113|2020|10|0,2,2,1,1
Los Angeles,06-037-0113|2020|10|1,3,3,1,2
Los Angeles,06-037-0113|2020|10|2,4,4,1,3
Los Angeles,06-037-0113|2020|10|3,4,4,1,3
Los Angeles,06-037-0113|2020|10|4,4,4,1,3
Los Angeles,06-037-0113|2020|7|4,2,2,1,1
Los Angeles,06-037-0113|2020|8|5,2,2,1,1
Los Angeles,06-037-0113|2020|9|0,3,3,2,1
Los Angeles,06-037-0113|2020|9|1,3,3,2,1
Los Angeles,06-037-0113|2020|9|2,2,2,1,1
Los Angeles,06-037-0113|2020|9|3,3,3,1,2
Los Angeles,06-037-0113|2020|9|4,4,4,2,2
Los Angeles,06-037-0113|2020|9|5,4,4,2,2
Los Angeles,06-037-0113|2021|9|0,2,2,1,1
Los Angeles,06-037-0113|2021|9|3,2,2,1,1
Los Angeles,06-037-0113|2021|9|4,3,3,1,2
Los Angeles,06-037-0113|2021|9|5,2,2,1,1
Los Angeles,06-037-0113|2021|9|6,3,3,1,2
Los Angeles,06-037-0113|2022|9|0,3,3,2,1
Los Angeles,06-037-0113|2022|9|1,3,3,2,1
Los Angeles,06-037-0113|2022|9|5,2,2,1,1
Los Angeles,06-037-0113|2022|9|6,2,2,1,1
Los Angeles,06-037-0113|2023|10|2,3,3,1,2
Los Angeles,06-037-0113|2023|10|3,4,4,1,3
Los Angeles,06-037-0113|2023|10|4,3,3,1,2
Los Angeles,06-037-0113|2023|10|5,4,4,1,3
Los Angeles,06-037-0113|2023|10|6,2,2,1,1
Los Angeles,06-037-0113|2023|7|1,2,2,1,1
Los Angeles,06-037-0113|2023|8|0,2,2,1,1
Los Angeles,06-037-0113|2023|8|1,3,3,1,2
Los Angeles,06-037-0113|2023|8|2,3,3,1,2
Los Angeles,06-037-0113|2023|9|4,3,3,1,2
Los Angeles,06-037-0113|2023|9|5,2,2,1,1
Los Angeles,06-037-0113|2024|10|1,5,5,1,4
Los Angeles,06-037-0113|2024|10|2,5,5,1,4
Los Angeles,06-037-0113|2024|8|0,3,3,1,2
Los Angeles,06-037-0113|2024|8|1,2,2,1,1
Los Angeles,06-037-0113|2024|8|4,2,2,1,1
Los Angeles,06-037-0113|2024|8|5,2,2,1,1
Los Angeles,06-037-0113|2024|9|5,3,3,1,2
Los Angeles,06-037-0113|2024|9|6,3,3,1,2
Los Angeles,06-037-1103|2019|8|0,2,2,1,1
Los Angeles,06-037-1103|2019|9|4,2,2,1,1
Los Angeles,06-037-1103|2019|9|5,2,2,1,1
Los Angeles,06-037-1103|2020|10|0,2,2,1,1
Los Angeles,06-037-1103|2020|10|1,3,3,1,2
Los Angeles,06-037-1103|2020|10|2,4,4,1,3
Los Angeles,06-037-1103|2020|10|3,4,4,1,3
Los Angeles,06-037-1103|2020|10|4,4,4,1,3
Los Angeles,06-037-1103|2020|7|4,2,2,1,1
Los Angeles,06-037-1103|2020|8|5,2,2,1,1
Los Angeles,06-037-1103|2020|9|0,3,3,2,1
Los Angeles,06-037-1103|2020|9|1,3,3,2,1
Los Angeles,06-037-1103|2020|9|2,2,2,1,1
Los Angeles,06-037-1103|2020|9|4,4,4,2,2
Los Angeles,06-037-1103|2020|9|5,4,4,2,2
Los Angeles,06-037-1103|2021|9|0,2,2,1,1
Los Angeles,06-037-1103|2021|9|3,2,2,1,1
Los Angeles,06-037-1103|2021|9|4,3,3,1,2
Los Angeles,06-037-1103|2021|9|5,2,2,1,1
Los Angeles,06-037-1103|2021|9|6,3,3,1,2
Los Angeles,06-037-1103|2022|9|0,3,3,2,1
Los Angeles,06-037-1103|2022|9|1,3,3,2,1
Los Angeles,06-037-1103|2022|9|5,2,2,1,1
Los Angeles,06-037-1103|2022|9|6,2,2,1,1
Los Angeles,06-037-1103|2023|10|3,4,4,1,3
Los Angeles,06-037-1103|2023|10|4,3,3,1,2
Los Angeles,06-037-1103|2023|10|5,4,4,1,3
Los Angeles,06-037-1103|2023|10|6,2,2,1,1
Los Angeles,06-037-1103|2023|7|1,2,2,1,1
Los Angeles,06-037-1103|2023|8|0,2,2,1,1
Los Angeles,06-037-1103|2023|8|1,3,3,1,2
Los Angeles,06-037-1103|2023|8|2,3,3,1,2
Los Angeles,06-037-1103|2023|9|4,3,3,1,2
Los Angeles,06-037-1103|2023|9|5,2,2,1,1
Los Angeles,06-037-1103|2024|10|1,5,5,1,4
Los Angeles,06-037-1103|2024|10|2,5,5,1,4
Los Angeles,06-037-1103|2024|8|0,3,3,1,2
Los Angeles,06-037-1103|2024|8|1,2,2,1,1
Los Angeles,06-037-1103|2024|8|4,2,2,1,1
Los Angeles,06-037-1103|2024|8|5,2,2,1,1
Los Angeles,06-037-1103|2024|9|5,3,3,1,2
Los Angeles,06-037-1103|2024|9|6,3,3,1,2
Los Angeles,06-037-1302|2019|8|0,2,2,1,1
Los Angeles,06-037-1302|2019|9|4,2,2,1,1
Los Angeles,06-037-1302|2019|9|5,2,2,1,1
Los Angeles,06-037-1302|2020|10|0,2,2,1,1
Los Angeles,06-037-1302|2020|10|1,3,3,1,2
Los Angeles,06-037-1302|2020|10|2,4,4,1,3
Los Angeles,06-037-1302|2020|10|3,4,4,1,3
Los Angeles,06-037-1302|2020|10|4,4,4,1,3
Los Angeles,06-037-1302|2020|7|4,2,2,1,1
Los Angeles,06-037-1302|2020|8|5,2,2,1,1
Los Angeles,06-037-1302|2020|9|0,3,3,2,1
Los Angeles,06-037-1302|2020|9|1,3,3,2,1
Los Angeles,06-037-1302|2020|9|2,2,2,1,1
Los Angeles,06-037-1302|2020|9|3,3,3,1,2
Los Angeles,06-037-1302|2020|9|4,4,4,2,2
Los Angeles,06-037-1302|2020|9|5,4,4,2,2
Los Angeles,06-037-1302|2021|9|0,2,2,1,1
Los Angeles,06-037-1302|2021|9|3,2,2,1,1
Los Angeles,06-037-1302|2021|9|4,3,3,1,2
Los Angeles,06-037-1302|2021|9|5,2,2,1,1
Los Angeles,06-037-1302|2021|9|6,3,3,1,2
Los Angeles,06-037-1302|2022|9|0,3,3,2,1
Los Angeles,06-037-1302|2022|9|1,3,3,2,1
Los Angeles,06-037-1302|2022|9|5,2,2,1,1
Los Angeles,06-037-1302|2022|9|6,2,2,1,1
Los Angeles,06-037-1302|2023|10|2,3,3,1,2
Los Angeles,06-037-1302|2023|10|3,4,4,1,3
Los Angeles,06-037-1302|2023|10|4,3,3,1,2
Los Angeles,06-037-1302|2023|10|5,4,4,1,3
Los Angeles,06-037-1302|2023|10|6,2,2,1,1
Los Angeles,06-037-1302|2023|7|1,2,2,1,1
Los Angeles,06-037-1302|2023|8|0,2,2,1,1
Los Angeles,06-037-1302|2023|8|1,3,3,1,2
Los Angeles,06-037-1302|2023|8|2,3,3,1,2
Los Angeles,06-037-1302|2023|9|4,3,3,1,2
Los Angeles,06-037-1302|2023|9|5,2,2,1,1
Los Angeles,06-037-1302|2024|10|1,5,5,1,4
Los Angeles,06-037-1302|2024|10|2,5,5,1,4
Los Angeles,06-037-1302|2024|8|0,3,3,1,2
Los Angeles,06-037-1302|2024|8|1,2,2,1,1
Los Angeles,06-037-1302|2024|8|4,2,2,1,1
Los Angeles,06-037-1302|2024|8|5,2,2,1,1
Los Angeles,06-037-1602|2019|8|0,2,2,1,1
Los Angeles,06-037-1602|2019|9|4,2,2,1,1
Los Angeles,06-037-1602|2019|9|5,2,2,1,1
Los Angeles,06-037-1602|2020|10|0,2,2,1,1
Los Angeles,06-037-1602|2020|10|1,3,3,1,2
Los Angeles,06-037-1602|2020|10|2,4,4,1,3
Los Angeles,06-037-1602|2020|10|3,4,4,1,3
Los Angeles,06-037-1602|2020|10|4,4,4,1,3
Los Angeles,06-037-1602|2020|7|4,2,2,1,1
Los Angeles,06-037-1602|2020|8|5,2,2,1,1
Los Angeles,06-037-1602|2020|9|0,3,3,2,1
Los Angeles,06-037-1602|2020|9|1,3,3,2,1
Los Angeles,06-037-1602|2020|9|2,2,2,1,1
Los Angeles,06-037-1602|2020|9|3,3,3,1,2
Los Angeles,06-037-1602|2020|9|4,4,4,2,2
Los Angeles,06-037-1602|2020|9|5,4,4,2,2
Los Angeles,06-037-1602|2021|9|0,2,2,1,1
Los Angeles,06-037-1602|2021|9|4,3,3,1,2
Los Angeles,06-037-1602|2021|9|5,2,2,1,1
Los Angeles,06-037-1602|2021|9|6,3,3,1,2
Los Angeles,06-037-1602|2022|9|0,3,3,2,1
Los Angeles,06-037-1602|2022|9|1,3,3,2,1
Los Angeles,06-037-1602|2022|9|5,2,2,1,1
Los Angeles,06-037-1602|2022|9|6,2,2,1,1
Los Angeles,06-037-1602|2023|10|2,2,2,1,1
Los Angeles,06-037-1602|2023|10|3,4,4,1,3
Los Angeles,06-037-1602|2023|10|4,3,3,1,2
Los Angeles,06-037-1602|2023|10|5,4,4,1,3
Los Angeles,06-037-1602|2023|10|6,2,2,1,1
Los Angeles,06-037-1602|2023|7|1,2,2,1,1
Los Angeles,06-037-1602|2023|8|0,2,2,1,1
Los Angeles,06-037-1602|2023|8|1,3,3,1,2
Los Angeles,06-037-1602|2023|8|2,3,3,1,2
Los Angeles,06-037-1602|2023|9|4,3,3,1,2
Los Angeles,06-037-1602|2023|9|5,2,2,1,1
Los Angeles,06-037-1602|2024|10|1,5,5,1,4
Los Angeles,06-037-1602|2024|10|2,5,5,1,4
Los Angeles,06-037-1602|2024|8|0,3,3,1,2
Los Angeles,06-037-1602|2024|8|1,2,2,1,1
Los Angeles,06-037-1602|2024|8|4,2,2,1,1
Los Angeles,06-037-1602|2024|8|5,2,2,1,1
Los Angeles,06-037-1602|2024|9|5,3,3,1,2
Los Angeles,06-037-1602|2024|9|6,3,3,1,2
Los Angeles,06-037-2005|2019|8|0,2,2,1,1
Los Angeles,06-037-2005|2019|9|4,2,2,1,1
Los Angeles,06-037-2005|2019|9|5,2,2,1,1
Los Angeles,06-037-2005|2020|10|0,2,2,1,1
Los Angeles,06-037-2005|2020|10|1,3,3,1,2
Los Angeles,06-037-2005|2020|10|2,4,4,1,3
Los Angeles,06-037-2005|2020|10|3,4,4,1,3
Los Angeles,06-037-2005|2020|10|4,4,4,1,3
Los Angeles,06-037-2005|2020|7|4,2,2,1,1
Los Angeles,06-037-2005|2020|8|5,2,2,1,1
Los Angeles,06-037-2005|2020|9|0,3,3,2,1
Los Angeles,06-037-2005|2020|9|1,3,3,2,1
Los Angeles,06-037-2005|2020|9|2,2,2,1,1
Los Angeles,06-037-2005|2020|9|3,3,3,1,2
Los Angeles,06-037-2005|2020|9|4,4,4,2,2
Los Angeles,06-037-2005|2020|9|5,4,4,2,2
Los Angeles,06-037-2005|2021|9|0,2,2,1,1
Los Angeles,06-037-2005|2021|9|3,2,2,1,1
Los Angeles,06-037-2005|2021|9|4,3,3,1,2
Los Angeles,06-037-2005|2021|9|5,2,2,1,1
Los Angeles,06-037-2005|2021|9|6,3,3,1,2
Los Angeles,06-037-2005|2022|9|0,3,3,2,1
Los Angeles,06-037-2005|2022|9|1,3,3,2,1
Los Angeles,06-037-2005|2022|9|5,2,2,1,1
Los Angeles,06-037-2005|2022|9|6,2,2,1,1
Los Angeles,06-037-2005|2023|10|2,3,3,1,2
Los Angeles,06-037-2005|2023|10|3,4,4,1,3
Los Angeles,06-037-2005|2023|10|4,3,3,1,2
Los Angeles,06-037-2005|2023|10|5,4,4,1,3
Los Angeles,06-037-2005|2023|10|6,2,2,1,1
Los Angeles,06-037-2005|2023|7|1,2,2,1,1
Los Angeles,06-037-2005|2023|8|0,2,2,1,1
Los Angeles,06-037-2005|2023|8|1,3,3,1,2
Los Angeles,06-037-2005|2023|8|2,3,3,1,2
Los Angeles,06-037-2005|2023|9|4,3,3,1,2
Los Angeles,06-037-2005|2023|9|5,2,2,1,1
Los Angeles,06-037-2005|2024|10|1,5,5,1,4
Los Angeles,06-037-2005|2024|10|2,5,5,1,4
Los Angeles,06-037-2005|2024|8|0,3,3,1,2
Los Angeles,06-037-2005|2024|8|1,2,2,1,1
Los Angeles,06-037-2005|2024|8|4,2,2,1,1
Los Angeles,06-037-2005|2024|8|5,2,2,1,1
Los Angeles,06-037-2005|2024|9|5,3,3,1,2
Los Angeles,06-037-2005|2024|9|6,3,3,1,2
Los Angeles,06-037-4008|2019|8|0,2,2,1,1
Los Angeles,06-037-4008|2019|9|4,2,2,1,1
Los Angeles,06-037-4008|2019|9|5,2,2,1,1
Los Angeles,06-037-4008|2020|10|0,2,2,1,1
Los Angeles,06-037-4008|2020|10|1,3,3,1,2
Los Angeles,06-037-4008|2020|10|2,4,4,1,3
Los Angeles,06-037-4008|2020|10|3,4,4,1,3
Los Angeles,06-037-4008|2020|10|4,4,4,1,3
Los Angeles,06-037-4008|2020|7|4,2,2,1,1
Los Angeles,06-037-4008|2020|8|5,2,2,1,1
Los Angeles,06-037-4008|2020|9|0,3,3,2,1
Los Angeles,06-037-4008|2020|9|1,3,3,2,1
Los Angeles,06-037-4008|2020|9|2,2,2,1,1
Los Angeles,06-037-4008|2020|9|3,3,3,1,2
Los Angeles,06-037-4008|2020|9|4,4,4,2,2
Los Angeles,06-037-4008|2020|9|5,4,4,2,2
Los Angeles,06-037-4008|2021|9|0,2,2,1,1
Los Angeles,06-037-4008|2021|9|3,2,2,1,1
Los Angeles,06-037-4008|2021|9|4,3,3,1,2
Los Angeles,06-037-4008|2021|9|5,2,2,1,1
Los Angeles,06-037-4008|2021|9|6,3,3,1,2
Los Angeles,06-037-4008|2022|9|0,3,3,2,1
Los Angeles,06-037-4008|2022|9|1,3,3,2,1
Los Angeles,06-037-4008|2022|9|5,2,2,1,1
Los Angeles,06-037-4008|2022|9|6,2,2,1,1
Los Angeles,06-037-4008|2023|10|2,3,3,1,2
Los Angeles,06-037-4008|2023|10|3,4,4,1,3
Los Angeles,06-037-4008|2023|10|4,3,3,1,2
Los Angeles,06-037-4008|2023|10|5,4,4,1,3
Los Angeles,06-037-4008|2023|10|6,2,2,1,1
Los Angeles,06-037-4008|2023|7|1,2,2,1,1
Los Angeles,06-037-4008|2023|8|0,2,2,1,1
Los Angeles,06-037-4008|2023|8|1,3,3,1,2
Los Angeles,06-037-4008|2023|8|2,3,3,1,2
Los Angeles,06-037-4008|2023|9|4,3,3,1,2
Los Angeles,06-037-4008|2023|9|5,2,2,1,1
Los Angeles,06-037-4008|2024|10|1,5,5,1,4
Los Angeles,06-037-4008|2024|10|2,5,5,1,4
Los Angeles,06-037-4008|2024|8|0,3,3,1,2
Los Angeles,06-037-4008|2024|8|1,2,2,1,1
Los Angeles,06-037-4008|2024|8|4,2,2,1,1
Los Angeles,06-037-4008|2024|8|5,2,2,1,1
Los Angeles,06-037-4008|2024|9|5,3,3,1,2
Los Angeles,06-037-4008|2024|9|6,3,3,1,2
Los Angeles,06-037-4010|2020|10|0,2,2,1,1
Los Angeles,06-037-4010|2020|10|1,3,3,1,2
Los Angeles,06-037-4010|2020|10|2,4,4,1,3
Los Angeles,06-037-4010|2020|10|3,4,4,1,3
Los Angeles,06-037-4010|2020|10|4,4,4,1,3
Los Angeles,06-037-4010|2020|7|4,2,2,1,1
Los Angeles,06-037-4010|2020|8|5,2,2,1,1
Los Angeles,06-037-4010|2020|9|0,3,3,2,1
Los Angeles,06-037-4010|2020|9|1,3,3,2,1
Los Angeles,06-037-4010|2020|9|2,2,2,1,1
Los Angeles,06-037-4010|2020|9|3,3,3,1,2
Los Angeles,06-037-4010|2020|9|4,4,4,2,2
Los Angeles,06-037-4010|2020|9|5,4,4,2,2
Los Angeles,06-037-4010|2021|9|0,2,2,1,1
Los Angeles,06-037-4010|2021|9|3,2,2,1,1
Los Angeles,06-037-4010|2021|9|4,3,3,1,2
Los Angeles,06-037-4010|2021|9|5,2,2,1,1
Los Angeles,06-037-4010|2021|9|6,3,3,1,2
Los Angeles,06-037-4010|2022|9|0,3,3,2,1
Los Angeles,06-037-4010|2022|9|1,3,3,2,1
Los Angeles,06-037-4010|2022|9|5,2,2,1,1
Los Angeles,06-037-4010|2022|9|6,2,2,1,1
Los Angeles,06-037-4010|2023|10|2,3,3,1,2
Los Angeles,06-037-4010|2023|10|3,4,4,1,3
Los Angeles,06-037-4010|2023|10|4,3,3,1,2
Los Angeles,06-037-4010|2023|10|5,4,4,1,3
Los Angeles,06-037-4010|2023|10|6,2,2,1,1
Los Angeles,06-037-4010|2023|7|1,2,2,1,1
Los Angeles,06-037-4010|2023|8|0,2,2,1,1
Los Angeles,06-037-4010|2023|8|1,3,3,1,2
Los Angeles,06-037-4010|2023|8|2,3,3,1,2
Los Angeles,06-037-4010|2023|9|4,3,3,1,2
Los Angeles,06-037-4010|2023|9|5,2,2,1,1
Los Angeles,06-037-4010|2024|10|1,4,4,1,3
Los Angeles,06-037-4010|2024|10|2,5,5,1,4
Los Angeles,06-037-4010|2024|8|0,3,3,1,2
Los Angeles,06-037-4010|2024|8|1,2,2,1,1
Los Angeles,06-037-4010|2024|8|4,2,2,1,1
Los Angeles,06-037-4010|2024|8|5,2,2,1,1
Los Angeles,06-037-5005|2019|9|4,2,2,1,1
Los Angeles,06-037-5005|2019|9|5,2,2,1,1
Los Angeles,06-037-5005|2020|10|0,2,2,1,1
Los Angeles,06-037-5005|2020|10|1,3,3,1,2
Los Angeles,06-037-5005|2020|10|2,4,4,1,3
Los Angeles,06-037-5005|2020|10|3,4,4,1,3
Los Angeles,06-037-5005|2020|10|4,4,4,1,3
Los Angeles,06-037-5005|2020|7|4,2,2,1,1
Los Angeles,06-037-5005|2020|8|5,2,2,1,1
Los Angeles,06-037-5005|2020|9|0,3,3,2,1
Los Angeles,06-037-5005|2020|9|1,3,3,2,1
Los Angeles,06-037-5005|2020|9|2,2,2,1,1
Los Angeles,06-037-5005|2020|9|3,3,3,1,2
Los Angeles,06-037-5005|2020|9|4,4,4,2,2
Los Angeles,06-037-5005|2020|9|5,4,4,2,2
Los Angeles,06-037-5005|2021|9|4,2,2,1,1
New York,34-003-0010|2019|6|3,2,2,1,1
New York,34-003-0010|2019|6|4,2,2,1,1
New York,34-003-0010|2019|7|0,2,2,1,1
New York,34-003-0010|2019|7|2,2,2,1,1
New York,34-003-0010|2019|7|3,2,2,1,1
New York,34-003-0010|2019|7|4,2,2,1,1
New York,34-003-0010|2019|8|1,4,4,1,3
New York,34-003-0010|2019|8|5,2,2,1,1
New York,34-003-0010|2020|7|2,4,4,2,2
New York,34-003-0010|2020|7|4,4,4,1,3
New York,34-003-0010|2021|6|1,2,2,1,1
New York,34-003-0010|2021|7|0,2,2,1,1
New York,34-003-0010|2021|7|3,3,3,1,2
New York,34-003-0010|2021|7|4,2,2,1,1
New York,34-003-0010|2021|7|5,3,3,1,2
New York,34-003-0010|2021|8|2,2,2,1,1
New York,34-003-0010|2021|8|3,2,2,1,1
New York,34-003-0010|2021|8|4,2,2,1,1
New York,34-003-0010|2023|7|2,2,2,1,1
New York,34-003-0010|2023|9|0,2,2,1,1
New York,34-003-0010|2023|9|1,2,2,1,1
New York,34-003-0010|2023|9|2,3,3,1,2
New York,34-003-0010|2023|9|3,2,2,1,1
New York,34-003-0010|2024|7|0,2,2,1,1
New York,34-003-0010|2024|7|4,2,2,1,1
New York,34-003-0010|2024|7|5,3,3,2,1
New York,34-003-0010|2024|7|6,3,3,2,1
New York,34-003-0010|2024|8|4,3,3,1,2
New York,34-003-0010|2024|8|5,3,3,1,2
New York,34-013-0003|2019|6|3,2,2,1,1
New York,34-013-0003|2019|6|4,2,2,1,1
New York,34-013-0003|2019|7|0,2,2,1,1
New York,34-013-0003|2019|7|2,2,2,1,1
New York,34-013-0003|2019|7|3,2,2,1,1
New York,34-013-0003|2019|7|4,2,2,1,1
New York,34-013-0003|2019|8|1,4,4,1,3
New York,34-013-0003|2019|8|5,2,2,1,1
New York,34-013-0003|2020|7|2,4,4,2,2
New York,34-013-0003|2020|7|4,4,4,1,3
New York,34-013-0003|2021|6|1,2,2,1,1
New York,34-013-0003|2021|7|0,2,2,1,1
New York,34-013-0003|2021|7|3,3,3,1,2
New York,34-013-0003|2021|7|4,2,2,1,1
New York,34-013-0003|2021|7|5,3,3,1,2
New York,34-013-0003|2021|8|2,2,2,1,1
New York,34-013-0003|2021|8|3,2,2,1,1
New York,34-013-0003|2021|8|4,2,2,1,1
New York,34-013-0003|2022|9|0,2,2,1,1
New York,34-013-0003|2022|9|6,2,2,1,1
New York,34-017-0006|2019|6|3,2,2,1,1
New York,34-017-0006|2019|6|4,2,2,1,1
New York,34-017-0006|2019|7|0,2,2,1,1
New York,34-017-0006|2019|7|2,2,2,1,1
New York,34-017-0006|2019|7|3,2,2,1,1
New York,34-017-0006|2019|7|4,2,2,1,1
New York,34-017-0006|2019|8|1,4,4,1,3
New York,34-017-0006|2019|8|5,2,2,1,1
New York,34-017-0006|2020|7|2,4,4,2,2
New York,34-017-0006|2020|7|4,4,4,1,3
New York,34-017-0006|2021|6|1,2,2,1,1
New York,34-017-0006|2021|7|0,2,2,1,1
New York,34-017-0006|2021|7|3,3,3,1,2
New York,34-017-0006|2021|7|4,2,2,1,1
New York,34-017-0006|2021|7|5,3,3,1,2
New York,34-017-0006|2021|8|2,2,2,1,1
New York,34-017-0006|2021|8|3,2,2,1,1
New York,34-017-0006|2021|8|4,2,2,1,1
New York,34-017-0006|2022|9|0,2,2,1,1
New York,34-017-0006|2022|9|6,2,2,1,1
New York,34-017-0006|2023|7|2,2,2,1,1
New York,34-017-0006|2023|9|0,2,2,1,1
New York,34-017-0006|2023|9|1,2,2,1,1
New York,34-017-0006|2023|9|2,3,3,1,2
New York,34-017-0006|2023|9|3,2,2,1,1
New York,34-017-0006|2024|7|0,2,2,1,1
New York,34-017-0006|2024|7|4,2,2,1,1
New York,34-017-0006|2024|7|5,3,3,2,1
New York,34-017-0006|2024|7|6,3,3,2,1
New York,34-017-0006|2024|8|4,3,3,1,2
New York,34-017-0006|2024|8|5,3,3,1,2
New York,34-017-1002|2019|6|3,2,2,1,1
New York,34-017-1002|2019|6|4,2,2,1,1
New York,34-017-1002|2019|7|0,2,2,1,1
New York,34-017-1002|2019|7|2,2,2,1,1
New York,34-017-1002|2019|7|3,2,2,1,1
New York,34-017-1002|2019|7|4,2,2,1,1
New York,34-017-1002|2019|8|1,4,4,1,3
New York,34-017-1002|2019|8|5,2,2,1,1
New York,34-017-1002|2020|7|2,4,4,2,2
New York,34-017-1002|2020|7|4,4,4,1,3
New York,34-017-1002|2021|6|1,2,2,1,1
New York,34-017-1002|2021|7|0,2,2,1,1
New York,34-017-1002|2021|7|3,3,3,1,2
New York,34-017-1002|2021|7|4,2,2,1,1
New York,34-017-1002|2021|7|5,3,3,1,2
New York,34-017-1002|2021|8|2,2,2,1,1
New York,34-017-1002|2021|8|3,2,2,1,1
New York,34-017-1002|2021|8|4,2,2,1,1
New York,34-017-1002|2022|9|0,2,2,1,1
New York,34-017-1002|2022|9|6,2,2,1,1
New York,34-017-1002|2023|9|0,2,2,1,1
New York,34-017-1002|2023|9|1,2,2,1,1
New York,34-017-1002|2023|9|2,3,3,1,2
New York,34-017-1002|2023|9|3,2,2,1,1
New York,34-017-1002|2024|7|0,2,2,1,1
New York,34-017-1002|2024|7|4,2,2,1,1
New York,34-017-1002|2024|7|5,3,3,2,1
New York,34-017-1002|2024|7|6,3,3,2,1
New York,34-017-1002|2024|8|4,3,3,1,2
New York,34-017-1002|2024|8|5,3,3,1,2
New York,34-039-0004|2019|6|3,2,2,1,1
New York,34-039-0004|2019|7|0,2,2,1,1
New York,34-039-0004|2019|7|2,2,2,1,1
New York,34-039-0004|2019|7|3,2,2,1,1
New York,34-039-0004|2019|7|4,2,2,1,1
New York,34-039-0004|2019|8|1,4,4,1,3
New York,34-039-0004|2019|8|5,2,2,1,1
New York,34-039-0004|2020|7|2,4,4,2,2
New York,34-039-0004|2020|7|4,4,4,1,3
New York,34-039-0004|2021|6|1,2,2,1,1
New York,34-039-0004|2021|7|0,2,2,1,1
New York,34-039-0004|2021|7|3,3,3,1,2
New York,34-039-0004|2021|7|4,2,2,1,1
New York,34-039-0004|2021|7|5,3,3,1,2
New York,34-039-0004|2021|8|2,2,2,1,1
New York,34-039-0004|2021|8|3,2,2,1,1
New York,34-039-0004|2021|8|4,2,2,1,1
New York,34-039-0004|2022|9|0,2,2,1,1
New York,34-039-0004|2022|9|6,2,2,1,1
New York,34-039-0004|2023|7|2,2,2,1,1
New York,34-039-0004|2023|9|0,2,2,1,1
New York,34-039-0004|2023|9|1,2,2,1,1
New York,34-039-0004|2023|9|2,2,2,1,1
New York,34-039-0004|2023|9|3,2,2,1,1
New York,34-039-0004|2024|7|0,2,2,1,1
New York,34-039-0004|2024|7|4,2,2,1,1
New York,34-039-0004|2024|7|5,3,3,2,1
New York,34-039-0004|2024|7|6,3,3,2,1
New York,34-039-0004|2024|8|4,3,3,1,2
New York,34-039-0004|2024|8|5,3,3,1,2
New York,36-005-0110|2019|6|3,2,2,1,1
New York,36-005-0110|2019|6|4,2,2,1,1
New York,36-005-0110|2019|7|0,2,2,1,1
New York,36-005-0110|2019|7|2,2,2,1,1
New York,36-005-0110|2019|7|3,2,2,1,1
New York,36-005-0110|2019|7|4,2,2,1,1
New York,36-005-0110|2019|8|1,4,4,1,3
New York,36-005-0110|2019|8|5,2,2,1,1
New York,36-005-0110|2020|7|2,4,4,2,2
New York,36-005-0110|2020|7|4,4,4,1,3
New York,36-005-0110|2021|6|1,2,2,1,1
New York,36-005-0110|2021|8|2,2,2,1,1
New York,36-005-0110|2021|8|3,2,2,1,1
New York,36-005-0110|2021|8|4,2,2,1,1
New York,36-005-0110|2022|9|0,2,2,1,1
New York,36-005-0110|2022|9|6,2,2,1,1
New York,36-005-0110|2023|7|2,2,2,1,1
New York,36-005-0110|2023|9|0,2,2,1,1
New York,36-005-0110|2023|9|1,2,2,1,1
New York,36-005-0110|2023|9|2,3,3,1,2
New York,36-005-0110|2024|7|0,2,2,1,1
New York,36-005-0110|2024|7|4,2,2,1,1
New York,36-005-0110|2024|7|5,3,3,2,1
New York,36-005-0110|2024|7|6,3,3,2,1
New York,36-005-0110|2024|8|4,3,3,1,2
New York,36-005-0110|2024|8|5,3,3,1,2
New York,36-005-0133|2019|6|3,2,2,1,1
New York,36-005-0133|2019|6|4,2,2,1,1
New York,36-005-0133|2019|7|0,2,2,1,1
New York,36-005-0133|2019|7|2,2,2,1,1
New York,36-005-0133|2019|7|3,2,2,1,1
New York,36-005-0133|2019|7|4,2,2,1,1
New York,36-005-0133|2019|8|1,4,4,1,3
New York,36-005-0133|2019|8|5,2,2,1,1
New York,36-005-0133|2020|7|2,4,4,2,2
New York,36-005-0133|2020|7|4,4,4,1,3
New York,36-005-0133|2021|6|1,2,2,1,1
New York,36-005-0133|2021|7|0,2,2,1,1
New York,36-005-0133|2021|7|3,3,3,1,2
New York,36-005-0133|2021|7|4,2,2,1,1
New York,36-005-0133|2021|7|5,3,3,1,2
New York,36-005-0133|2021|8|2,2,2,1,1
New York,36-005-0133|2021|8|3,2,2,1,1
New York,36-005-0133|2021|8|4,2,2,1,1
New York,36-005-0133|2022|9|0,2,2,1,1
New York,36-005-0133|2022|9|6,2,2,1,1
New York,36-005-0133|2023|7|2,2,2,1,1
New York,36-005-0133|2023|9|0,2,2,1,1
New York,36-005-0133|2023|9|1,2,2,1,1
New York,36-005-0133|2023|9|2,3,3,1,2
New York,36-005-0133|2023|9|3,2,2,1,1
New York,36-005-0133|2024|7|0,2,2,1,1
New York,36-005-0133|2024|7|4,2,2,1,1
New York,36-005-0133|2024|7|5,3,3,2,1
New York,36-005-0133|2024|7|6,3,3,2,1
New York,36-005-0133|2024|8|4,3,3,1,2
New York,36-005-0133|2024|8|5,3,3,1,2
New York,36-081-0124|2019|6|3,2,2,1,1
New York,36-081-0124|2019|6|4,2,2,1,1
New York,36-081-0124|2019|7|0,2,2,1,1
New York,36-081-0124|2019|7|2,2,2,1,1
New York,36-081-0124|2019|7|3,2,2,1,1
New York,36-081-0124|2019|7|4,2,2,1,1
New York,36-081-0124|2019|8|5,2,2,1,1
New York,36-081-0124|2020|7|2,4,4,2,2
New York,36-081-0124|2020|7|4,4,4,1,3
New York,36-081-0124|2021|6|1,2,2,1,1
New York,36-081-0124|2021|7|0,2,2,1,1
New York,36-081-0124|2021|7|4,2,2,1,1
New York,36-081-0124|2021|7|5,3,3,1,2
New York,36-081-0124|2021|8|2,2,2,1,1
New York,36-081-0124|2021|8|3,2,2,1,1
New York,36-081-0124|2021|8|4,2,2,1,1
New York,36-081-0124|2022|9|0,2,2,1,1
New York,36-081-0124|2022|9|6,2,2,1,1
New York,36-081-0124|2023|7|2,2,2,1,1
New York,36-081-0124|2023|9|0,2,2,1,1
New York,36-081-0124|2023|9|1,2,2,1,1
New York,36-081-0124|2023|9|2,3,3,1,2
New York,36-081-0124|2023|9|3,2,2,1,1
New York,36-081-0124|2024|7|0,2,2,1,1
New York,36-081-0124|2024|7|4,2,2,1,1
New York,36-081-0124|2024|7|5,3,3,2,1
New York,36-081-0124|2024|7|6,3,3,2,1
New York,36-081-0124|2024|8|4,3,3,1,2
New York,36-081-0124|2024|8|5,3,3,1,2
New York,36-081-0125|2019|7|2,2,2,1,1
New York,36-081-0125|2019|8|1,4,4,1,3
New York,36-081-0125|2019|8|5,2,2,1,1
New York,36-081-0125|2020|7|2,4,4,2,2
New York,36-081-0125|2020|7|4,4,4,1,3
New York,36-081-0125|2021|6|1,2,2,1,1
New York,36-081-0125|2021|7|0,2,2,1,1
New York,36-081-0125|2021|7|3,3,3,1,2
New York,36-081-0125|2021|7|5,3,3,1,2
New York,36-081-0125|2021|8|2,2,2,1,1
New York,36-081-0125|2021|8|3,2,2,1,1
New York,36-081-0125|2021|8|4,2,2,1,1
New York,36-081-0125|2022|9|0,2,2,1,1
New York,36-081-0125|2022|9|6,2,2,1,1
New York,36-081-0125|2023|7|2,2,2,1,1
New York,36-081-0125|2023|9|0,2,2,1,1
New York,36-081-0125|2023|9|1,2,2,1,1
New York,36-081-0125|2023|9|2,2,2,1,1
New York,36-081-0125|2023|9|3,2,2,1,1
New York,36-081-0125|2024|7|0,2,2,1,1
New York,36-081-0125|2024|7|4,2,2,1,1
New York,36-081-0125|2024|7|5,3,3,2,1
New York,36-081-0125|2024|7|6,3,3,2,1
New York,36-081-0125|2024|8|4,3,3,1,2
New York,36-081-0125|2024|8|5,3,3,1,2
Philadelphia,34-007-0002|2019|6|4,2,2,1,1
Philadelphia,34-007-0002|2019|8|0,2,2,1,1
Philadelphia,34-007-0002|2019|8|1,4,4,1,3
Philadelphia,34-007-0002|2019|8|6,3,3,2,1
Philadelphia,34-007-0002|2020|7|1,2,2,1,1
Philadelphia,34-007-0002|2020|7|2,3,3,1,2
Philadelphia,34-007-0002|2021|6|2,2,2,1,1
Philadelphia,34-007-0002|2021|7|2,3,3,1,2
Philadelphia,34-007-0002|2021|7|4,2,2,1,1
Philadelphia,34-007-0002|2021|7|5,3,3,1,2
Philadelphia,34-007-0002|2021|8|1,3,3,1,2
Philadelphia,34-007-0002|2021|8|2,2,2,1,1
Philadelphia,34-007-0002|2021|8|3,2,2,1,1
Philadelphia,34-007-0002|2021|8|4,2,2,1,1
Philadelphia,34-007-0002|2022|8|2,2,2,1,1
Philadelphia,34-007-0002|2022|8|3,2,2,1,1
Philadelphia,34-007-0002|2023|6|3,2,2,1,1
Philadelphia,34-007-0002|2023|6|4,2,2,1,1
Philadelphia,34-007-0002|2023|7|2,2,2,1,1
Philadelphia,34-007-0002|2023|7|3,2,2,1,1
Philadelphia,34-007-0002|2023|7|4,2,2,1,1
Philadelphia,34-007-0002|2023|9|3,2,2,1,1
Philadelphia,42-045-0002|2019|8|1,3,3,1,2
Philadelphia,42-045-0002|2021|6|2,2,2,1,1
Philadelphia,42-045-0002|2021|7|2,3,3,1,2
Philadelphia,42-045-0002|2021|7|3,2,2,1,1
Philadelphia,42-045-0002|2021|7|4,3,3,1,2
Philadelphia,42-045-0002|2021|7|5,4,4,1,3
Philadelphia,42-045-0002|2021|8|1,3,3,1,2
Philadelphia,42-045-0002|2021|8|2,2,2,1,1
Philadelphia,42-045-0002|2021|8|3,2,2,1,1
Philadelphia,42-045-0002|2021|8|4,2,2,1,1
Philadelphia,42-045-0002|2022|8|2,2,2,1,1
Philadelphia,42-045-0002|2022|8|3,2,2,1,1
Philadelphia,42-045-0002|2023|6|3,2,2,1,1
Philadelphia,42-045-0002|2023|6|4,2,2,1,1
Philadelphia,42-045-0002|2023|7|3,2,2,1,1
Philadelphia,42-045-0002|2023|7|4,2,2,1,1
Philadelphia,42-045-0002|2024|7|0,2,2,1,1
Philadelphia,42-045-0002|2024|7|6,2,2,1,1
Philadelphia,42-101-0048|2020|7|1,2,2,1,1
Philadelphia,42-101-0048|2020|7|2,3,3,1,2
Philadelphia,42-101-0048|2021|6|2,2,2,1,1
Philadelphia,42-101-0048|2021|7|2,3,3,1,2
Philadelphia,42-101-0048|2021|7|3,2,2,1,1
Philadelphia,42-101-0048|2021|7|4,3,3,1,2
Philadelphia,42-101-0048|2021|7|5,4,4,1,3
Philadelphia,42-101-0048|2021|8|1,3,3,1,2
Philadelphia,42-101-0048|2021|8|2,2,2,1,1
Philadelphia,42-101-0048|2021|8|3,2,2,1,1
Philadelphia,42-101-0048|2021|8|4,2,2,1,1
Philadelphia,42-101-0048|2022|8|2,2,2,1,1
Philadelphia,42-101-0048|2022|8|3,2,2,1,1
Philadelphia,42-101-0048|2023|6|3,2,2,1,1
Philadelphia,42-101-0048|2023|6|4,2,2,1,1
Philadelphia,42-101-0048|2023|7|2,2,2,1,1
Philadelphia,42-101-0048|2023|7|3,2,2,1,1
Philadelphia,42-101-0048|2023|7|4,2,2,1,1
Philadelphia,42-101-0048|2023|9|3,2,2,1,1
Philadelphia,42-101-0048|2024|7|0,2,2,1,1
Philadelphia,42-101-0048|2024|7|6,2,2,1,1
Philadelphia,42-101-0075|2019|6|4,2,2,1,1
Philadelphia,42-101-0075|2019|8|0,2,2,1,1
Philadelphia,42-101-0075|2019|8|1,4,4,1,3
Philadelphia,42-101-0075|2019|8|6,3,3,2,1
Philadelphia,42-101-0075|2020|7|1,2,2,1,1
Philadelphia,42-101-0075|2020|7|2,3,3,1,2
Philadelphia,42-101-0075|2021|6|2,2,2,1,1
Philadelphia,42-101-0075|2021|7|2,3,3,1,2
Philadelphia,42-101-0075|2021|7|3,2,2,1,1
Philadelphia,42-101-0075|2021|7|4,3,3,1,2
Philadelphia,42-101-0075|2021|7|5,4,4,1,3
Philadelphia,42-101-0075|2021|8|1,3,3,1,2
Philadelphia,42-101-0075|2021|8|2,2,2,1,1
Philadelphia,42-101-0075|2021|8|3,2,2,1,1
Philadelphia,42-101-0075|2021|8|4,2,2,1,1
Philadelphia,42-101-0075|2022|8|2,2,2,1,1
Philadelphia,42-101-0075|2022|8|3,2,2,1,1
Philadelphia,42-101-0075|2023|6|3,2,2,1,1
Philadelphia,42-101-0075|2023|6|4,2,2,1,1
Philadelphia,42-101-0075|2023|7|2,2,2,1,1
Philadelphia,42-101-0075|2023|7|3,2,2,1,1
Philadelphia,42-101-0075|2023|7|4,2,2,1,1
Philadelphia,42-101-0075|2023|9|3,2,2,1,1
Philadelphia,42-101-0075|2024|7|0,2,2,1,1
Philadelphia,42-101-0075|2024|7|6,2,2,1,1
Philadelphia,42-101-0076|2019|6|4,2,2,1,1
Philadelphia,42-101-0076|2019|8|0,2,2,1,1
Philadelphia,42-101-0076|2019|8|1,3,3,1,2
Philadelphia,42-101-0076|2019|8|6,3,3,2,1
Philadelphia,42-101-0076|2020|7|1,2,2,1,1
Philadelphia,42-101-0076|2020|7|2,3,3,1,2
Philadelphia,42-101-0076|2021|6|2,2,2,1,1
Philadelphia,42-101-0076|2021|7|2,3,3,1,2
Philadelphia,42-101-0076|2021|7|3,2,2,1,1
Philadelphia,42-101-0076|2021|7|4,3,3,1,2
Philadelphia,42-101-0076|2021|7|5,4,4,1,3
Philadelphia,42-101-0076|2021|8|1,3,3,1,2
Philadelphia,42-101-0076|2021|8|2,2,2,1,1
Philadelphia,42-101-0076|2021|8|3,2,2,1,1
Philadelphia,42-101-0076|2021|8|4,2,2,1,1
Philadelphia,42-101-0076|2022|8|2,2,2,1,1
Philadelphia,42-101-0076|2022|8|3,2,2,1,1
Philadelphia,42-101-0076|2023|6|3,2,2,1,1
Philadelphia,42-101-0076|2023|7|2,2,2,1,1
Philadelphia,42-101-0076|2023|7|3,2,2,1,1
Philadelphia,42-101-0076|2023|7|4,2,2,1,1
Philadelphia,42-101-0076|2023|9|3,2,2,1,1
Philadelphia,42-101-0076|2024|7|0,2,2,1,1
Philadelphia,42-101-0076|2024|7|6,2,2,1,1
Phoenix,04-013-0019|2020|9|2,2,2,1,1
Phoenix,04-013-0019|2021|7|2,2,2,1,1
Phoenix,04-013-0019|2021|7|3,4,4,1,3
Phoenix,04-013-0019|2021|8|2,3,3,2,1
Phoenix,04-013-0019|2021|8|3,4,4,2,2
Phoenix,04-013-0019|2021|9|0,4,4,1,3
Phoenix,04-013-0019|2021|9|6,2,2,1,1
Phoenix,04-013-0019|2024|8|4,2,2,1,1
Phoenix,04-013-3002|2020|9|2,2,2,1,1
Phoenix,04-013-3002|2021|7|2,2,2,1,1
Phoenix,04-013-3002|2021|7|3,4,4,1,3
Phoenix,04-013-3002|2021|8|2,3,3,2,1
Phoenix,04-013-3002|2021|8|3,4,4,2,2
Phoenix,04-013-3002|2021|9|0,4,4,1,3
Phoenix,04-013-3002|2021|9|6,2,2,1,1
Phoenix,04-013-3002|2023|7|0,2,2,1,1
Phoenix,04-013-3002|2024|8|4,2,2,1,1
Phoenix,04-013-4020|2020|9|2,2,2,1,1
Phoenix,04-013-4020|2021|7|2,2,2,1,1
Phoenix,04-013-4020|2021|7|3,4,4,1,3
Phoenix,04-013-4020|2021|8|2,3,3,2,1
Phoenix,04-013-4020|2021|8|3,4,4,2,2
Phoenix,04-013-4020|2021|9|0,4,4,1,3
Phoenix,04-013-4020|2021|9|6,2,2,1,1
Phoenix,04-013-4020|2023|7|0,2,2,1,1
Phoenix,04-013-4021|2021|7|2,2,2,1,1
Phoenix,04-013-4021|2021|7|3,4,4,1,3
Phoenix,04-013-4021|2021|8|2,3,3,2,1
Phoenix,04-013-4021|2021|8|3,4,4,2,2
Phoenix,04-013-4021|2021|9|0,4,4,1,3
Phoenix,04-013-4021|2021|9|6,2,2,1,1
Phoenix,04-013-4021|2023|7|0,2,2,1,1
Phoenix,04-013-4021|2024|8|4,2,2,1,1
Phoenix,04-013-9997|2020|9|2,2,2,1,1
Phoenix,04-013-9997|2021|7|2,2,2,1,1
Phoenix,04-013-9997|2021|7|3,4,4,1,3
Phoenix,04-013-9997|2021|8|2,3,3,2,1
Phoenix,04-013-9997|2021|8|3,4,4,2,2
Phoenix,04-013-9997|2021|9|0,3,3,1,2
Phoenix,04-013-9997|2021|9|6,2,2,1,1
Phoenix,04-013-9997|2023|7|0,2,2,1,1
Phoenix,04-013-9997|2024|8|4,2,2,1,1
San Diego,06-073-0001|2019|10|0,3,3,1,2
San Diego,06-073-0001|2019|10|6,3,3,1,2
San Diego,06-073-0001|2019|8|0,2,2,1,1
San Diego,06-073-0001|2019|8|2,2,2,1,1
San Diego,06-073-0001|2019|8|3,2,2,1,1
San Diego,06-073-0001|2019|8|6,4,4,1,3
San Diego,06-073-0001|2019|9|0,2,2,1,1
San Diego,06-073-0001|2019|9|5,2,2,1,1
San Diego,06-073-0001|2019|9|6,2,2,1,1
San Diego,06-073-0001|2020|10|1,3,3,1,2
San Diego,06-073-0001|2020|10|2,3,3,1,2
San Diego,06-073-0001|2020|10|3,5,5,2,3
San Diego,06-073-0001|2020|10|4,4,4,2,2
San Diego,06-073-0001|2020|10|5,3,3,1,2
San Diego,06-073-0001|2020|10|6,2,2,1,1
San Diego,06-073-0001|2020|8|0,2,2,1,1
San Diego,06-073-0001|2020|8|1,2,2,1,1
San Diego,06-073-0001|2020|9|4,2,2,1,1
San Diego,06-073-0001|2020|9|5,2,2,1,1
San Diego,06-073-0001|2021|10|4,2,2,1,1
San Diego,06-073-0001|2021|10|5,4,4,1,3
San Diego,06-073-0001|2021|8|5,2,2,1,1
San Diego,06-073-0001|2022|6|6,2,2,1,1
San Diego,06-073-0001|2022|8|1,2,2,1,1
San Diego,06-073-0001|2022|8|2,2,2,1,1
San Diego,06-073-0001|2022|9|4,2,2,1,1
San Diego,06-073-0001|2022|9|5,3,3,1,2
San Diego,06-073-0001|2023|10|2,2,2,1,1
San Diego,06-073-0001|2023|10|3,3,3,1,2
San Diego,06-073-0001|2023|10|4,3,3,1,2
San Diego,06-073-0001|2023|10|5,2,2,1,1
San Diego,06-073-0001|2023|7|0,2,2,1,1
San Diego,06-073-0001|2023|7|1,2,2,1,1
San Diego,06-073-0001|2023|9|0,2,2,1,1
San Diego,06-073-0001|2023|9|6,2,2,1,1
San Diego,06-073-0001|2024|10|1,4,4,1,3
San Diego,06-073-0001|2024|10|2,5,5,1,4
San Diego,06-073-0001|2024|6|5,2,2,1,1
San Diego,06-073-0001|2024|8|1,2,2,1,1
San Diego,06-073-0001|2024|8|3,2,2,1,1
San Diego,06-073-0001|2024|9|5,4,4,1,3
San Diego,06-073-1016|2019|10|0,3,3,1,2
San Diego,06-073-1016|2019|10|6,3,3,1,2
San Diego,06-073-1016|2019|8|0,2,2,1,1
San Diego,06-073-1016|2019|8|2,2,2,1,1
San Diego,06-073-1016|2019|8|3,2,2,1,1
San Diego,06-073-1016|2019|8|6,4,4,1,3
San Diego,06-073-1016|2019|9|0,3,3,1,2
San Diego,06-073-1016|2019|9|1,2,2,1,1
San Diego,06-073-1016|2019|9|2,2,2,1,1
San Diego,06-073-1016|2019|9|4,2,2,1,1
San Diego,06-073-1016|2019|9|5,2,2,1,1
San Diego,06-073-1016|2019|9|6,2,2,1,1
San Diego,06-073-1016|2020|10|0,3,3,1,2
San Diego,06-073-1016|2020|10|1,3,3,1,2
San Diego,06-073-1016|2020|10|2,3,3,1,2
San Diego,06-073-1016|2020|10|3,5,5,2,3
San Diego,06-073-1016|2020|10|4,4,4,2,2
San Diego,06-073-1016|2020|10|5,3,3,1,2
San Diego,06-073-1016|2020|10|6,2,2,1,1
San Diego,06-073-1016|2020|8|0,2,2,1,1
San Diego,06-073-1016|2020|8|1,2,2,1,1
San Diego,06-073-1016|2020|9|4,2,2,1,1
San Diego,06-073-1016|2020|9|5,2,2,1,1
San Diego,06-073-1016|2021|10|4,2,2,1,1
San Diego,06-073-1016|2021|10|5,4,4,1,3
San Diego,06-073-1016|2021|8|5,2,2,1,1
San Diego,06-073-1016|2022|6|1,2,2,1,1
San Diego,06-073-1016|2022|6|6,2,2,1,1
San Diego,06-073-1016|2022|8|2,2,2,1,1
San Diego,06-073-1016|2022|9|4,2,2,1,1
San Diego,06-073-1016|2022|9|5,3,3,1,2
San Diego,06-073-1016|2023|10|2,2,2,1,1
San Diego,06-073-1016|2023|10|3,3,3,1,2
San Diego,06-073-1016|2023|10|4,3,3,1,2
San Diego,06-073-1016|2023|10|5,2,2,1,1
San Diego,06-073-1016|2023|7|0,3,3,1,2
San Diego,06-073-1016|2023|7|1,2,2,1,1
San Diego,06-073-1016|2023|9|0,2,2,1,1
San Diego,06-073-1016|2023|9|6,2,2,1,1
San Diego,06-073-1016|2024|10|1,4,4,1,3
San Diego,06-073-1016|2024|10|2,5,5,1,4
San Diego,06-073-1016|2024|6|5,2,2,1,1
San Diego,06-073-1016|2024|8|1,2,2,1,1
San Diego,06-073-1016|2024|8|3,2,2,1,1
San Diego,06-073-1016|2024|9|5,4,4,1,3
San Diego,06-073-1022|2019|10|0,3,3,1,2
San Diego,06-073-1022|2019|10|6,3,3,1,2
San Diego,06-073-1022|2019|8|0,2,2,1,1
San Diego,06-073-1022|2019|8|2,2,2,1,1
San Diego,06-073-1022|2019|8|6,4,4,1,3
San Diego,06-073-1022|2019|9|0,3,3,1,2
San Diego,06-073-1022|2019|9|1,2,2,1,1
San Diego,06-073-1022|2019|9|2,2,2,1,1
San Diego,06-073-1022|2019|9|4,2,2,1,1
San Diego,06-073-1022|2019|9|5,2,2,1,1
San Diego,06-073-1022|2019|9|6,2,2,1,1
San Diego,06-073-1022|2020|10|0,3,3,1,2
San Diego,06-073-1022|2020|10|1,3,3,1,2
San Diego,06-073-1022|2020|10|2,3,3,1,2
San Diego,06-073-1022|2020|10|3,5,5,2,3
San Diego,06-073-1022|2020|10|4,4,4,2,2
San Diego,06-073-1022|2020|10|5,3,3,1,2
San Diego,06-073-1022|2020|10|6,2,2,1,1
San Diego,06-073-1022|2020|8|0,2,2,1,1
San Diego,06-073-1022|2020|8|1,2,2,1,1
San Diego,06-073-1022|2020|9|4,2,2,1,1
San Diego,06-073-1022|2020|9|5,2,2,1,1
San Diego,06-073-1022|2021|10|4,2,2,1,1
San Diego,06-073-1022|2021|10|5,4,4,1,3
San Diego,06-073-1022|2021|8|5,2,2,1,1
San Diego,06-073-1022|2022|6|1,2,2,1,1
San Diego,06-073-1022|2022|6|6,2,2,1,1
San Diego,06-073-1022|2022|8|1,2,2,1,1
San Diego,06-073-1022|2022|8|2,2,2,1,1
San Diego,06-073-1022|2022|9|4,2,2,1,1
San Diego,06-073-1022|2022|9|5,3,3,1,2
San Diego,06-073-1022|2023|10|2,2,2,1,1
San Diego,06-073-1022|2023|10|3,3,3,1,2
San Diego,06-073-1022|2023|10|4,3,3,1,2
San Diego,06-073-1022|2023|10|5,2,2,1,1
San Diego,06-073-1022|2023|7|0,3,3,1,2
San Diego,06-073-1022|2023|7|1,2,2,1,1
San Diego,06-073-1022|2023|9|0,2,2,1,1
San Diego,06-073-1022|2023|9|6,2,2,1,1
San Diego,06-073-1022|2024|10|2,4,4,1,3
San Diego,06-073-1022|2024|6|5,2,2,1,1
San Diego,06-073-1022|2024|8|1,2,2,1,1
San Diego,06-073-1022|2024|8|3,2,2,1,1
San Diego,06-073-1022|2024|9|5,4,4,1,3
San Diego,06-073-1025|2024|10|1,4,4,1,3
San Diego,06-073-1025|2024|10|2,5,5,1,4
San Diego,06-073-1025|2024|6|5,2,2,1,1
San Diego,06-073-1025|2024|8|1,2,2,1,1
San Diego,06-073-1025|2024|8|3,2,2,1,1
San Diego,06-073-1025|2024|9|5,4,4,1,3
San Diego,06-073-1026|2019|10|0,3,3,1,2
San Diego,06-073-1026|2019|10|6,3,3,1,2
San Diego,06-073-1026|2019|8|0,2,2,1,1
San Diego,06-073-1026|2019|8|2,2,2,1,1
San Diego,06-073-1026|2019|8|3,2,2,1,1
San Diego,06-073-1026|2019|8|6,4,4,1,3
San Diego,06-073-1026|2019|9|0,3,3,1,2
San Diego,06-073-1026|2019|9|1,2,2,1,1
San Diego,06-073-1026|2019|9|2,2,2,1,1
San Diego,06-073-1026|2019|9|4,2,2,1,1
San Diego,06-073-1026|2019|9|5,2,2,1,1
San Diego,06-073-1026|2019|9|6,2,2,1,1
San Diego,06-073-1026|2020|10|0,3,3,1,2
San Diego,06-073-1026|2020|10|1,3,3,1,2
San Diego,06-073-1026|2020|10|2,3,3,1,2
San Diego,06-073-1026|2020|10|3,5,5,2,3
San Diego,06-073-1026|2020|10|4,4,4,2,2
San Diego,06-073-1026|2020|10|5,3,3,1,2
San Diego,06-073-1026|2020|10|6,2,2,1,1
San Diego,06-073-1026|2020|8|0,2,2,1,1
San Diego,06-073-1026|2020|8|1,2,2,1,1
San Diego,06-073-1026|2020|9|4,2,2,1,1
San Diego,06-073-1026|2020|9|5,2,2,1,1
San Diego,06-073-1026|2021|10|4,2,2,1,1
San Diego,06-073-1026|2021|10|5,4,4,1,3
San Diego,06-073-1026|2021|8|5,2,2,1,1
San Diego,06-073-1026|2022|6|1,2,2,1,1
San Diego,06-073-1026|2022|6|6,2,2,1,1
San Diego,06-073-1026|2022|8|1,2,2,1,1
San Diego,06-073-1026|2022|8|2,2,2,1,1
San Diego,06-073-1026|2022|9|4,2,2,1,1
San Diego,06-073-1026|2022|9|5,3,3,1,2
San Diego,06-073-1026|2023|10|2,2,2,1,1
San Diego,06-073-1026|2023|10|3,3,3,1,2
San Diego,06-073-1026|2023|10|4,3,3,1,2
San Diego,06-073-1026|2023|10|5,2,2,1,1
San Diego,06-073-1026|2023|7|0,3,3,1,2
San Diego,06-073-1026|2023|7|1,2,2,1,1
San Diego,06-073-1026|2023|9|0,2,2,1,1
San Diego,06-073-1026|2023|9|6,2,2,1,1
San Diego,06-073-1026|2024|10|1,4,4,1,3
San Diego,06-073-1026|2024|10|2,5,5,1,4
San Diego,06-073-1026|2024|6|5,2,2,1,1
San Diego,06-073-1026|2024|8|1,2,2,1,1
San Diego,06-073-1026|2024|8|3,2,2,1,1
San Diego,06-073-1026|2024|9|5,4,4,1,3
Seattle,53-033-0030|2019|8|3,2,2,1,1
Seattle,53-033-0030|2019|9|1,2,2,1,1
Seattle,53-033-0030|2020|8|3,2,2,1,1
Seattle,53-033-0030|2021|7|2,2,2,1,1
Seattle,53-033-0030|2021|7|5,2,2,1,1
Seattle,53-033-0030|2022|7|4,3,3,1,2
Seattle,53-033-0030|2022|7|5,4,4,1,3
Seattle,53-033-0030|2022|7|6,2,2,1,1
Seattle,53-033-0030|2023|6|3,2,2,1,1
Seattle,53-033-0030|2023|6|4,2,2,1,1
Seattle,53-033-0030|2023|9|4,3,3,1,2
Seattle,53-033-0080|2019|8|3,2,2,1,1
Seattle,53-033-0080|2019|9|1,2,2,1,1
Seattle,53-033-0080|2020|8|3,2,2,1,1
Seattle,53-033-0080|2021|7|2,2,2,1,1
Seattle,53-033-0080|2021|7|5,2,2,1,1
Seattle,53-033-0080|2022|7|4,3,3,1,2
Seattle,53-033-0080|2022|7|5,4,4,1,3
Seattle,53-033-0080|2022|7|6,2,2,1,1
Seattle,53-033-0080|2023|6|3,2,2,1,1
Seattle,53-033-0080|2023|6|4,2,2,1,1
Seattle,53-033-0080|2023|9|4,3,3,1,2
