city,year,episode_id,start_date,end_date,duration_days,observed_episode_days,n_station_days,station_ids,days_with_direct_support,days_with_noncompound_support
Atlanta,2019,atlanta_2019-07-05,2019-07-05,2019-07-06,2,2,2,13-121-0056,1,2
Atlanta,2019,atlanta_2019-07-14,2019-07-14,2019-07-15,2,2,4,13-089-0003;13-121-0056,1,2
Atlanta,2019,atlanta_2019-07-27,2019-07-27,2019-08-01,6,6,18,13-089-0002;13-089-0003;13-121-0056,5,6
Atlanta,2019,atlanta_2019-08-10,2019-08-10,2019-08-14,5,5,15,13-089-0002;13-089-0003;13-121-0056,3,5
Atlanta,2019,atlanta_2019-08-17,2019-08-17,2019-08-19,3,3,9,13-089-0002;13-089-0003;13-121-0056,2,3
Atlanta,2019,atlanta_2019-09-08,2019-09-08,2019-09-12,5,5,15,13-089-0002;13-089-0003;13-121-0056,3,5
Atlanta,2019,atlanta_2019-09-16,2019-09-16,2019-09-17,2,2,6,13-089-0002;13-089-0003;13-121-0056,0,2
Atlanta,2019,atlanta_2019-09-29,2019-09-29,2019-10-03,5,5,15,13-089-0002;13-089-0003;13-121-0056,4,5
Atlanta,2020,atlanta_2020-07-14,2020-07-14,2020-07-23,10,10,30,13-089-0002;13-089-0003;13-121-0056,9,10
Atlanta,2020,atlanta_2020-07-26,2020-07-26,2020-07-27,2,2,6,13-089-0002;13-089-0003;13-121-0056,2,2
Atlanta,2020,atlanta_2020-08-05,2020-08-05,2020-08-09,5,5,15,13-089-0002;13-089-0003;13-121-0056,4,5
Atlanta,2020,atlanta_2020-08-12,2020-08-12,2020-08-13,2,2,6,13-089-0002;13-089-0003;13-121-0056,1,2
Atlanta,2021,atlanta_2021-07-26,2021-07-26,2021-07-29,4,4,12,13-089-0002;13-089-0003;13-121-0056,4,4
Atlanta,2021,atlanta_2021-08-09,2021-08-09,2021-08-10,2,2,6,13-089-0002;13-089-0003;13-121-0056,2,2
Atlanta,2021,atlanta_2021-08-23,2021-08-23,2021-08-25,3,3,9,13-089-0002;13-089-0003;13-121-0056,2,3
Atlanta,2022,atlanta_2022-07-02,2022-07-02,2022-07-08,7,7,20,13-089-0002;13-089-0003;13-121-0056,5,7
Atlanta,2022,atlanta_2022-07-23,2022-07-23,2022-07-24,2,2,6,13-089-0002;13-089-0003;13-121-0056,2,2
Atlanta,2023,atlanta_2023-06-29,2023-06-29,2023-06-30,2,2,6,13-089-0002;13-089-0003;13-121-0056,2,2
Atlanta,2023,atlanta_2023-07-25,2023-07-25,2023-07-29,5,5,15,13-089-0002;13-089-0003;13-121-0056,2,5
Atlanta,2023,atlanta_2023-08-12,2023-08-12,2023-08-13,2,2,6,13-089-0002;13-089-0003;13-121-0056,0,2
Atlanta,2023,atlanta_2023-08-21,2023-08-21,2023-08-22,2,2,6,13-089-0002;13-089-0003;13-121-0056,1,2
Atlanta,2024,atlanta_2024-06-14,2024-06-14,2024-06-15,2,2,5,13-089-0002;13-089-0003;13-121-0056,2,2
Atlanta,2024,atlanta_2024-06-21,2024-06-21,2024-06-22,2,2,6,13-089-0002;13-089-0003;13-121-0056,2,2
Atlanta,2024,atlanta_2024-07-04,2024-07-04,2024-07-07,4,4,12,13-089-0002;13-089-0003;13-121-0056,3,4
Atlanta,2024,atlanta_2024-07-12,2024-07-12,2024-07-15,4,4,12,13-089-0002;13-089-0003;13-121-0056,2,4
Atlanta,2024,atlanta_2024-08-27,2024-08-27,2024-09-02,7,7,21,13-089-0002;13-089-0003;13-121-0056,7,7
Atlanta,2024,atlanta_2024-09-20,2024-09-20,2024-09-21,2,2,6,13-089-0002;13-089-0003;13-121-0056,2,2
Atlanta,2025,atlanta_2025-06-22,2025-06-22,2025-06-25,4,4,12,13-089-0002;13-089-0003;13-121-0056,4,4
Atlanta,2025,atlanta_2025-07-07,2025-07-07,2025-07-08,2,2,6,13-089-0002;13-089-0003;13-121-0056,2,2
Atlanta,2025,atlanta_2025-07-29,2025-07-29,2025-07-31,3,3,9,13-089-0002;13-089-0003;13-121-0056,3,3
Atlanta,2025,atlanta_2025-08-14,2025-08-14,2025-08-18,5,5,14,13-089-0002;13-089-0003;13-121-0056,5,5
Atlanta,2025,atlanta_2025-09-19,2025-09-19,2025-09-20,2,0,0,,0,0
Chicago,2019,chicago_2019-07-01,2019-07-01,2019-07-02,2,2,6,17-031-0076;17-031-3103;17-031-4002,2,2
Chicago,2020,chicago_2020-06-29,2020-06-29,2020-06-30,2,2,8,17-031-0076;17-031-0219;17-031-3103;17-031-4002,2,2
Chicago,2020,chicago_2020-08-14,2020-08-14,2020-08-15,2,2,6,17-031-0219;17-031-3103;17-031-4002,1,2
Chicago,2020,chicago_2020-08-24,2020-08-24,2020-08-25,2,2,6,17-031-0219;17-031-3103;17-031-4002,2,2
Chicago,2021,chicago_2021-06-11,2021-06-11,2021-06-12,2,2,8,17-031-0076;17-031-0219;17-031-3103;17-031-4002,2,2
Chicago,2021,chicago_2021-07-25,2021-07-25,2021-07-28,4,4,13,17-031-0076;17-031-0219;17-031-3103;17-031-4002,3,4
Chicago,2021,chicago_2021-08-18,2021-08-18,2021-08-20,3,3,9,17-031-0219;17-031-3103;17-031-4002,0,3
Chicago,2021,chicago_2021-08-25,2021-08-25,2021-08-27,3,3,9,17-031-0219;17-031-3103;17-031-4002,0,3
Chicago,2022,chicago_2022-08-23,2022-08-23,2022-08-24,2,2,6,17-031-0076;17-031-0219;17-031-3103,1,2
Chicago,2023,chicago_2023-07-04,2023-07-04,2023-07-05,2,2,2,17-031-3103,2,2
Chicago,2023,chicago_2023-07-24,2023-07-24,2023-07-25,2,2,8,17-031-0076;17-031-0219;17-031-3103;17-031-4002,1,2
Chicago,2024,chicago_2024-07-30,2024-07-30,2024-08-01,3,3,12,17-031-0076;17-031-0219;17-031-3103;17-031-4002,3,3
Chicago,2024,chicago_2024-08-13,2024-08-13,2024-08-14,2,2,8,17-031-0076;17-031-0219;17-031-3103;17-031-4002,2,2
Chicago,2024,chicago_2024-08-30,2024-08-30,2024-08-31,2,2,8,17-031-0076;17-031-0219;17-031-3103;17-031-4002,2,2
Chicago,2024,chicago_2024-09-19,2024-09-19,2024-09-21,3,3,10,17-031-0076;17-031-0219;17-031-3103;17-031-4002,2,3
Chicago,2025,chicago_2025-06-29,2025-06-29,2025-07-04,6,6,18,17-031-0219;17-031-3103;17-031-4002,3,6
Chicago,2025,chicago_2025-07-14,2025-07-14,2025-07-15,2,2,8,17-031-0076;17-031-0219;17-031-3103;17-031-4002,1,2
Chicago,2025,chicago_2025-07-26,2025-07-26,2025-07-29,4,4,12,17-031-0076;17-031-0219;17-031-3103,2,4
Chicago,2025,chicago_2025-08-15,2025-08-15,2025-08-16,2,2,8,17-031-0076;17-031-0219;17-031-3103;17-031-4002,1,2
Dallas,2019,dallas_2019-07-31,2019-07-31,2019-08-01,2,2,8,48-113-0069;48-113-0075;48-113-0087;48-113-1067,2,2
Dallas,2019,dallas_2019-09-02,2019-09-02,2019-09-06,5,5,18,48-113-0069;48-113-0075;48-113-0087;48-113-1067,5,5
Dallas,2019,dallas_2019-09-13,2019-09-13,2019-09-16,4,4,16,48-113-0069;48-113-0075;48-113-0087;48-113-1067,4,4
Dallas,2021,dallas_2021-06-13,2021-06-13,2021-06-14,2,2,8,48-113-0069;48-113-0075;48-113-0087;48-113-1067,2,2
Dallas,2021,dallas_2021-07-26,2021-07-26,2021-07-31,6,6,20,48-113-0069;48-113-0075;48-113-0087;48-113-1067,5,6
Dallas,2021,dallas_2021-08-25,2021-08-25,2021-08-26,2,2,7,48-113-0069;48-113-0075;48-113-0087;48-113-1067,2,2
Dallas,2022,dallas_2022-06-17,2022-06-17,2022-06-18,2,2,8,48-113-0069;48-113-0075;48-113-0087;48-113-1067,0,2
Dallas,2022,dallas_2022-08-10,2022-08-10,2022-08-11,2,2,4,48-113-0069;48-113-1067,0,2
Dallas,2022,dallas_2022-09-20,2022-09-20,2022-09-22,3,3,9,48-113-0069;48-113-0087;48-113-1067,3,3
Dallas,2023,dallas_2023-07-29,2023-07-29,2023-07-31,3,3,9,48-113-0069;48-113-0075;48-113-0087,2,3
Dallas,2023,dallas_2023-08-23,2023-08-23,2023-08-26,4,4,16,48-113-0069;48-113-0075;48-113-0087;48-113-1067,0,4
Dallas,2024,dallas_2024-07-10,2024-07-10,2024-07-11,2,2,8,48-113-0069;48-113-0075;48-113-0087;48-113-1067,1,2
Dallas,2024,dallas_2024-08-02,2024-08-02,2024-08-08,7,7,21,48-113-0069;48-113-0075;48-113-1067,2,7
Dallas,2025,dallas_2025-07-29,2025-07-29,2025-07-31,3,3,9,48-113-0075;48-113-0087;48-113-1067,3,3
Dallas,2025,dallas_2025-08-18,2025-08-18,2025-08-19,2,2,6,48-113-0075;48-113-0087;48-113-1067,1,2
Denver,2019,denver_2019-08-05,2019-08-05,2019-08-06,2,2,10,08-001-3001;08-031-0002;08-031-0026;08-031-0027;08-031-0028,2,2
Denver,2019,denver_2019-08-18,2019-08-18,2019-08-19,2,2,10,08-001-3001;08-031-0002;08-031-0026;08-031-0027;08-031-0028,1,2
Denver,2021,denver_2021-07-26,2021-07-26,2021-07-27,2,2,8,08-001-3001;08-031-0002;08-031-0027;08-031-0028,2,2
Denver,2021,denver_2021-08-23,2021-08-23,2021-08-24,2,2,10,08-001-3001;08-031-0002;08-031-0026;08-031-0027;08-031-0028,1,2
Denver,2022,denver_2022-08-08,2022-08-08,2022-08-09,2,2,8,08-031-0002;08-031-0026;08-031-0027;08-031-0028,1,2
Denver,2024,denver_2024-07-23,2024-07-23,2024-07-24,2,2,10,08-001-3001;08-031-0002;08-031-0026;08-031-0027;08-031-0028,1,2
Denver,2025,denver_2025-07-08,2025-07-08,2025-07-09,2,2,9,08-001-3001;08-031-0002;08-031-0026;08-031-0027;08-031-0028,2,2
Houston,2019,houston_2019-07-06,2019-07-06,2019-07-07,2,2,18,48-201-0024;48-201-0026;48-201-0047;48-201-0055;48-201-0416;48-201-1034;48-201-1035;48-201-1052;48-201-1066,1,2
Houston,2019,houston_2019-08-02,2019-08-02,2019-08-03,2,2,18,48-201-0024;48-201-0026;48-201-0047;48-201-0055;48-201-0416;48-201-1034;48-201-1035;48-201-1052;48-201-1066,0,2
Houston,2019,houston_2019-08-14,2019-08-14,2019-08-16,3,3,22,48-201-0024;48-201-0026;48-201-0047;48-201-0055;48-201-0416;48-201-1034;48-201-1035;48-201-1052;48-201-1066,1,3
Houston,2019,houston_2019-09-01,2019-09-01,2019-09-02,2,2,16,48-201-0024;48-201-0026;48-201-0047;48-201-0055;48-201-0416;48-201-1034;48-201-1035;48-201-1052,2,2
Houston,2020,houston_2020-08-03,2020-08-03,2020-08-05,3,3,23,48-201-0024;48-201-0026;48-201-0047;48-201-0055;48-201-0416;48-201-1034;48-201-1035;48-201-1052;48-201-1066,1,3
Houston,2020,houston_2020-08-18,2020-08-18,2020-08-21,4,4,32,48-201-0024;48-201-0026;48-201-0047;48-201-0055;48-201-0416;48-201-1034;48-201-1035;48-201-1052;48-201-1066,1,4
Houston,2021,houston_2021-06-12,2021-06-12,2021-06-17,6,6,56,48-201-0024;48-201-0026;48-201-0047;48-201-0055;48-201-0416;48-201-0417;48-201-1034;48-201-1035;48-201-1052;48-201-1066,6,6
Houston,2021,houston_2021-07-25,2021-07-25,2021-07-26,2,2,17,48-201-0024;48-201-0026;48-201-0047;48-201-0055;48-201-0416;48-201-0417;48-201-1034;48-201-1035;48-201-1066,1,2
Houston,2021,houston_2021-08-23,2021-08-23,2021-08-24,2,2,17,48-201-0024;48-201-0026;48-201-0047;48-201-0055;48-201-0416;48-201-0417;48-201-1034;48-201-1035;48-201-1066,2,2
Houston,2022,houston_2022-06-18,2022-06-18,2022-06-20,3,3,30,48-201-0024;48-201-0026;48-201-0047;48-201-0055;48-201-0416;48-201-0417;48-201-1034;48-201-1035;48-201-1052;48-201-1066,2,3
Houston,2022,houston_2022-06-26,2022-06-26,2022-06-27,2,2,20,48-201-0024;48-201-0026;48-201-0047;48-201-0055;48-201-0416;48-201-0417;48-201-1034;48-201-1035;48-201-1052;48-201-1066,2,2
Houston,2022,houston_2022-08-10,2022-08-10,2022-08-11,2,2,18,48-201-0024;48-201-0026;48-201-0055;48-201-0416;48-201-0417;48-201-1034;48-201-1035;48-201-1052;48-201-1066,0,2
Houston,2022,houston_2022-09-22,2022-09-22,2022-09-23,2,2,18,48-201-0024;48-201-0026;48-201-0047;48-201-0055;48-201-0416;48-201-0417;48-201-1034;48-201-1052;48-201-1066,2,2
Houston,2023,houston_2023-07-02,2023-07-02,2023-07-03,2,2,14,48-201-0026;48-201-0047;48-201-0416;48-201-0417;48-201-1034;48-201-1052;48-201-1066,0,2
Houston,2023,houston_2023-07-23,2023-07-23,2023-07-30,8,8,53,48-201-0026;48-201-0047;48-201-0055;48-201-0416;48-201-0417;48-201-1034;48-201-1052;48-201-1066,2,8
Houston,2023,houston_2023-08-31,2023-08-31,2023-09-02,3,3,22,48-201-0024;48-201-0026;48-201-0055;48-201-0416;48-201-0417;48-201-1034;48-201-1052;48-201-1066,2,3
Houston,2023,houston_2023-09-11,2023-09-11,2023-09-13,3,3,23,48-201-0024;48-201-0026;48-201-0055;48-201-0416;48-201-0417;48-201-1034;48-201-1052;48-201-1066,2,3
Houston,2024,houston_2024-06-06,2024-06-06,2024-06-07,2,2,18,48-201-0026;48-201-0047;48-201-0055;48-201-0416;48-201-0417;48-201-1034;48-201-1035;48-201-1052;48-201-1066,2,2
Houston,2024,houston_2024-06-30,2024-06-30,2024-07-02,3,3,25,48-201-0024;48-201-0026;48-201-0047;48-201-0055;48-201-0416;48-201-0417;48-201-1034;48-201-1052;48-201-1066,2,3
Houston,2024,houston_2024-07-09,2024-07-09,2024-07-10,2,2,3,48-201-0417;48-201-1052,0,2
Houston,2024,houston_2024-08-01,2024-08-01,2024-08-23,23,23,218,48-201-0024;48-201-0026;48-201-0047;48-201-0055;48-201-0416;48-201-0417;48-201-1034;48-201-1035;48-201-1052;48-201-1066,7,23
Houston,2024,houston_2024-09-18,2024-09-18,2024-09-20,3,3,29,48-201-0024;48-201-0026;48-201-0047;48-201-0055;48-201-0416;48-201-0417;48-201-1034;48-201-1035;48-201-1052;48-201-1066,3,3
Houston,2025,houston_2025-07-23,2025-07-23,2025-07-24,2,2,20,48-201-0024;48-201-0026;48-201-0047;48-201-0055;48-201-0416;48-201-0417;48-201-1034;48-201-1035;48-201-1052;48-201-1066,1,2
Houston,2025,houston_2025-08-17,2025-08-17,2025-08-18,2,2,20,48-201-0024;48-201-0026;48-201-0047;48-201-0055;48-201-0416;48-201-0417;48-201-1034;48-201-1035;48-201-1052;48-201-1066,0,2
Los Angeles,2019,los_angeles_2019-06-09,2019-06-09,2019-06-10,2,2,14,06-037-0113;06-037-1103;06-037-1302;06-037-1602;06-037-2005;06-037-4008;06-037-5005,2,2
Los Angeles,2019,los_angeles_2019-08-25,2019-08-25,2019-08-26,2,2,14,06-037-0113;06-037-1103;06-037-1302;06-037-1602;06-037-2005;06-037-4008;06-037-5005,2,2
Los Angeles,2019,los_angeles_2019-09-12,2019-09-12,2019-09-14,3,3,21,06-037-0113;06-037-1103;06-037-1302;06-037-1602;06-037-2005;06-037-4008;06-037-5005,3,3
Los Angeles,2020,los_angeles_2020-07-30,2020-07-30,2020-08-01,3,3,24,06-037-0113;06-037-1103;06-037-1302;06-037-1602;06-037-2005;06-037-4008;06-037-4010;06-037-5005,2,3
Los Angeles,2020,los_angeles_2020-08-26,2020-08-26,2020-08-28,3,3,24,06-037-0113;06-037-1103;06-037-1302;06-037-1602;06-037-2005;06-037-4008;06-037-4010;06-037-5005,3,3
Los Angeles,2020,los_angeles_2020-09-04,2020-09-04,2020-09-05,2,2,16,06-037-0113;06-037-1103;06-037-1302;06-037-1602;06-037-2005;06-037-4008;06-037-4010;06-037-5005,0,2
Los Angeles,2020,los_angeles_2020-09-14,2020-09-14,2020-09-19,6,6,47,06-037-0113;06-037-1103;06-037-1302;06-037-1602;06-037-2005;06-037-4008;06-037-4010;06-037-5005,4,6
Los Angeles,2020,los_angeles_2020-09-28,2020-09-28,2020-09-29,2,2,16,06-037-0113;06-037-1103;06-037-1302;06-037-1602;06-037-2005;06-037-4008;06-037-4010;06-037-5005,2,2
Los Angeles,2020,los_angeles_2020-10-12,2020-10-12,2020-10-16,5,5,40,06-037-0113;06-037-1103;06-037-1302;06-037-1602;06-037-2005;06-037-4008;06-037-4010;06-037-5005,1,5
Los Angeles,2021,los_angeles_2021-06-14,2021-06-14,2021-06-15,2,2,16,06-037-0113;06-037-1103;06-037-1302;06-037-1602;06-037-2005;06-037-4008;06-037-4010;06-037-5005,2,2
Los Angeles,2021,los_angeles_2021-08-26,2021-08-26,2021-08-29,4,4,31,06-037-0113;06-037-1103;06-037-1302;06-037-1602;06-037-2005;06-037-4008;06-037-4010;06-037-5005,4,4
Los Angeles,2021,los_angeles_2021-09-04,2021-09-04,2021-09-05,2,2,14,06-037-0113;06-037-1103;06-037-1302;06-037-1602;06-037-2005;06-037-4010;06-037-5005,1,2
Los Angeles,2022,los_angeles_2022-05-13,2022-05-13,2022-05-14,2,2,14,06-037-0113;06-037-1103;06-037-1302;06-037-1602;06-037-2005;06-037-4008;06-037-4010,2,2
Los Angeles,2022,los_angeles_2022-08-13,2022-08-13,2022-08-16,4,4,28,06-037-0113;06-037-1103;06-037-1302;06-037-1602;06-037-2005;06-037-4008;06-037-4010,4,4
Los Angeles,2022,los_angeles_2022-09-05,2022-09-05,2022-09-07,3,3,21,06-037-0113;06-037-1103;06-037-1302;06-037-1602;06-037-2005;06-037-4008;06-037-4010,3,3
Los Angeles,2022,los_angeles_2022-09-23,2022-09-23,2022-09-28,6,6,42,06-037-0113;06-037-1103;06-037-1302;06-037-1602;06-037-2005;06-037-4008;06-037-4010,6,6
Los Angeles,2023,los_angeles_2023-07-24,2023-07-24,2023-07-26,3,3,21,06-037-0113;06-037-1103;06-037-1302;06-037-1602;06-037-2005;06-037-4008;06-037-4010,3,3
Los Angeles,2023,los_angeles_2023-08-27,2023-08-27,2023-08-30,4,4,28,06-037-0113;06-037-1103;06-037-1302;06-037-1602;06-037-2005;06-037-4008;06-037-4010,4,4
Los Angeles,2023,los_angeles_2023-09-08,2023-09-08,2023-09-09,2,2,14,06-037-0113;06-037-1103;06-037-1302;06-037-1602;06-037-2005;06-037-4008;06-037-4010,2,2
Los Angeles,2023,los_angeles_2023-10-04,2023-10-04,2023-10-08,5,5,34,06-037-0113;06-037-1103;06-037-1302;06-037-1602;06-037-2005;06-037-4008;06-037-4010,2,5
Los Angeles,2024,los_angeles_2024-06-22,2024-06-22,2024-06-23,2,2,14,06-037-0113;06-037-1103;06-037-1302;06-037-1602;06-037-2005;06-037-4008;06-037-4010,2,2
Los Angeles,2024,los_angeles_2024-08-02,2024-08-02,2024-08-04,3,3,21,06-037-0113;06-037-1103;06-037-1302;06-037-1602;06-037-2005;06-037-4008;06-037-4010,3,3
Los Angeles,2024,los_angeles_2024-08-19,2024-08-19,2024-08-20,2,2,14,06-037-0113;06-037-1103;06-037-1302;06-037-1602;06-037-2005;06-037-4008;06-037-4010,1,2
Los Angeles,2024,los_angeles_2024-09-07,2024-09-07,2024-09-08,2,2,10,06-037-0113;06-037-1103;06-037-1602;06-037-2005;06-037-4008,1,2
Los Angeles,2024,los_angeles_2024-10-01,2024-10-01,2024-10-02,2,2,14,06-037-0113;06-037-1103;06-037-1302;06-037-1602;06-037-2005;06-037-4008;06-037-4010,0,2
Los Angeles,2025,los_angeles_2025-05-09,2025-05-09,2025-05-10,2,2,14,06-037-0113;06-037-1103;06-037-1302;06-037-1602;06-037-2005;06-037-4008;06-037-4010,2,2
Los Angeles,2025,los_angeles_2025-08-06,2025-08-06,2025-08-08,3,3,20,06-037-0113;06-037-1103;06-037-1302;06-037-1602;06-037-2005;06-037-4008;06-037-4010,3,3
Los Angeles,2025,los_angeles_2025-08-20,2025-08-20,2025-08-22,3,3,19,06-037-0113;06-037-1103;06-037-1302;06-037-1602;06-037-2005;06-037-4008;06-037-4010,3,3
Los Angeles,2025,los_angeles_2025-08-30,2025-08-30,2025-09-01,3,3,21,06-037-0113;06-037-1103;06-037-1302;06-037-1602;06-037-2005;06-037-4008;06-037-4010,3,3
Los Angeles,2025,los_angeles_2025-10-28,2025-10-28,2025-10-29,2,2,14,06-037-0113;06-037-1103;06-037-1302;06-037-1602;06-037-2005;06-037-4008;06-037-4010,2,2
New York,2019,new_york_2019-06-26,2019-06-26,2019-06-28,3,3,26,34-003-0010;34-013-0003;34-017-0006;34-017-1002;34-039-0004;36-005-0110;36-005-0133;36-081-0124;36-081-0125,3,3
New York,2019,new_york_2019-07-03,2019-07-03,2019-07-04,2,2,17,34-003-0010;34-013-0003;34-017-0006;34-017-1002;34-039-0004;36-005-0110;36-005-0133;36-081-0124;36-081-0125,1,2
New York,2019,new_york_2019-07-15,2019-07-15,2019-07-16,2,2,18,34-003-0010;34-013-0003;34-017-0006;34-017-1002;34-039-0004;36-005-0110;36-005-0133;36-081-0124;36-081-0125,1,2
New York,2019,new_york_2019-07-26,2019-07-26,2019-07-27,2,2,18,34-003-0010;34-013-0003;34-017-0006;34-017-1002;34-039-0004;36-005-0110;36-005-0133;36-081-0124;36-081-0125,0,2
New York,2019,new_york_2019-08-03,2019-08-03,2019-08-04,2,2,18,34-003-0010;34-013-0003;34-017-0006;34-017-1002;34-039-0004;36-005-0110;36-005-0133;36-081-0124;36-081-0125,2,2
New York,2019,new_york_2019-08-18,2019-08-18,2019-08-20,3,3,26,34-003-0010;34-013-0003;34-017-0006;34-017-1002;34-039-0004;36-005-0110;36-005-0133;36-081-0124;36-081-0125,2,3
New York,2020,new_york_2020-07-02,2020-07-02,2020-07-03,2,2,18,34-003-0010;34-013-0003;34-017-0006;34-017-1002;34-039-0004;36-005-0110;36-005-0133;36-081-0124;36-081-0125,2,2
New York,2020,new_york_2020-07-21,2020-07-21,2020-07-22,2,2,18,34-003-0010;34-013-0003;34-017-0006;34-017-1002;34-039-0004;36-005-0110;36-005-0133;36-081-0124;36-081-0125,2,2
New York,2020,new_york_2020-07-29,2020-07-29,2020-07-30,2,2,18,34-003-0010;34-013-0003;34-017-0006;34-017-1002;34-039-0004;36-005-0110;36-005-0133;36-081-0124;36-081-0125,2,2
New York,2021,new_york_2021-06-08,2021-06-08,2021-06-09,2,2,17,34-003-0010;34-013-0003;34-017-0006;34-017-1002;34-039-0004;36-005-0110;36-005-0133;36-081-0124;36-081-0125,2,2
New York,2021,new_york_2021-07-14,2021-07-14,2021-07-17,4,4,30,34-003-0010;34-013-0003;34-017-0006;34-017-1002;34-039-0004;36-005-0133;36-081-0124;36-081-0125,4,4
New York,2021,new_york_2021-07-26,2021-07-26,2021-07-27,2,2,18,34-003-0010;34-013-0003;34-017-0006;34-017-1002;34-039-0004;36-005-0110;36-005-0133;36-081-0124;36-081-0125,2,2
New York,2021,new_york_2021-08-25,2021-08-25,2021-08-27,3,3,27,34-003-0010;34-013-0003;34-017-0006;34-017-1002;34-039-0004;36-005-0110;36-005-0133;36-081-0124;36-081-0125,1,3
New York,2022,new_york_2022-07-03,2022-07-03,2022-07-04,2,2,18,34-003-0010;34-013-0003;34-017-0006;34-017-1002;34-039-0004;36-005-0110;36-005-0133;36-081-0124;36-081-0125,2,2
New York,2022,new_york_2022-07-13,2022-07-13,2022-07-14,2,2,17,34-003-0010;34-013-0003;34-017-0006;34-017-1002;34-039-0004;36-005-0110;36-005-0133;36-081-0124;36-081-0125,1,2
New York,2022,new_york_2022-09-04,2022-09-04,2022-09-05,2,2,18,34-003-0010;34-013-0003;34-017-0006;34-017-1002;34-039-0004;36-005-0110;36-005-0133;36-081-0124;36-081-0125,2,2
New York,2023,new_york_2023-07-05,2023-07-05,2023-07-08,4,4,28,34-003-0010;34-017-0006;34-039-0004;36-005-0110;36-005-0133;36-081-0124;36-081-0125,2,4
New York,2023,new_york_2023-07-14,2023-07-14,2023-07-15,2,2,16,34-003-0010;34-017-0006;34-017-1002;34-039-0004;36-005-0110;36-005-0133;36-081-0124;36-081-0125,2,2
New York,2023,new_york_2023-09-04,2023-09-04,2023-09-09,6,6,48,34-003-0010;34-017-0006;34-017-1002;34-039-0004;36-005-0110;36-005-0133;36-081-0124;36-081-0125,6,6
New York,2024,new_york_2024-07-05,2024-07-05,2024-07-08,4,4,32,34-003-0010;34-017-0006;34-017-1002;34-039-0004;36-005-0110;36-005-0133;36-081-0124;36-081-0125,3,4
New York,2024,new_york_2024-07-13,2024-07-13,2024-07-14,2,2,16,34-003-0010;34-017-0006;34-017-1002;34-039-0004;36-005-0110;36-005-0133;36-081-0124;36-081-0125,1,2
New York,2024,new_york_2024-08-01,2024-08-01,2024-08-03,3,3,24,34-003-0010;34-017-0006;34-017-1002;34-039-0004;36-005-0110;36-005-0133;36-081-0124;36-081-0125,3,3
New York,2025,new_york_2025-07-08,2025-07-08,2025-07-09,2,2,16,34-003-0010;34-017-0006;34-017-1002;34-039-0004;36-005-0110;36-005-0133;36-081-0124;36-081-0125,1,2
New York,2025,new_york_2025-07-28,2025-07-28,2025-07-30,3,3,24,34-003-0010;34-017-0006;34-017-1002;34-039-0004;36-005-0110;36-005-0133;36-081-0124;36-081-0125,1,3
New York,2025,new_york_2025-08-13,2025-08-13,2025-08-14,2,2,15,34-003-0010;34-017-0006;34-017-1002;34-039-0004;36-005-0110;36-005-0133;36-081-0124;36-081-0125,2,2
Philadelphia,2019,philadelphia_2019-06-27,2019-06-27,2019-06-28,2,2,6,34-007-0002;42-101-0075;42-101-0076,2,2
Philadelphia,2019,philadelphia_2019-08-03,2019-08-03,2019-08-04,2,2,8,34-007-0002;42-045-0002;42-101-0075;42-101-0076,2,2
Philadelphia,2019,philadelphia_2019-08-17,2019-08-17,2019-08-20,4,4,16,34-007-0002;42-045-0002;42-101-0075;42-101-0076,3,4
Philadelphia,2020,philadelphia_2020-07-21,2020-07-21,2020-07-22,2,2,8,34-007-0002;42-101-0048;42-101-0075;42-101-0076,2,2
Philadelphia,2021,philadelphia_2021-06-08,2021-06-08,2021-06-09,2,2,9,34-007-0002;42-045-0002;42-101-0048;42-101-0075;42-101-0076,2,2
Philadelphia,2021,philadelphia_2021-07-14,2021-07-14,2021-07-17,4,4,20,34-007-0002;42-045-0002;42-101-0048;42-101-0075;42-101-0076,3,4
Philadelphia,2021,philadelphia_2021-07-26,2021-07-26,2021-07-27,2,2,9,34-007-0002;42-045-0002;42-101-0048;42-101-0075;42-101-0076,1,2
Philadelphia,2021,philadelphia_2021-08-13,2021-08-13,2021-08-14,2,2,10,34-007-0002;42-045-0002;42-101-0048;42-101-0075;42-101-0076,1,2
Philadelphia,2021,philadelphia_2021-08-24,2021-08-24,2021-08-27,4,4,20,34-007-0002;42-045-0002;42-101-0048;42-101-0075;42-101-0076,1,4
Philadelphia,2022,philadelphia_2022-08-10,2022-08-10,2022-08-11,2,2,10,34-007-0002;42-045-0002;42-101-0048;42-101-0075;42-101-0076,1,2
Philadelphia,2023,philadelphia_2023-06-01,2023-06-01,2023-06-02,2,2,10,34-007-0002;42-045-0002;42-101-0048;42-101-0075;42-101-0076,2,2
Philadelphia,2023,philadelphia_2023-07-05,2023-07-05,2023-07-07,3,3,14,34-007-0002;42-045-0002;42-101-0048;42-101-0075;42-101-0076,0,3
Philadelphia,2023,philadelphia_2023-09-07,2023-09-07,2023-09-08,2,2,8,34-007-0002;42-101-0048;42-101-0075;42-101-0076,2,2
Philadelphia,2024,philadelphia_2024-07-07,2024-07-07,2024-07-08,2,2,8,42-045-0002;42-101-0048;42-101-0075;42-101-0076,1,2
Philadelphia,2025,philadelphia_2025-06-29,2025-06-29,2025-06-30,2,2,10,34-007-0010;42-045-0002;42-101-0048;42-101-0075;42-101-0076,2,2
Philadelphia,2025,philadelphia_2025-07-11,2025-07-11,2025-07-12,2,2,8,34-007-0010;42-045-0002;42-101-0048;42-101-0075,2,2
Philadelphia,2025,philadelphia_2025-07-28,2025-07-28,2025-07-30,3,3,15,34-007-0010;42-045-0002;42-101-0048;42-101-0075;42-101-0076,2,3
Philadelphia,2025,philadelphia_2025-08-12,2025-08-12,2025-08-15,4,4,17,34-007-0010;42-045-0002;42-101-0048;42-101-0075;42-101-0076,4,4
Phoenix,2020,phoenix_2020-09-16,2020-09-16,2020-09-17,2,2,8,04-013-0019;04-013-3002;04-013-4020;04-013-9997,2,2
Phoenix,2021,phoenix_2021-07-07,2021-07-07,2021-07-08,2,2,10,04-013-0019;04-013-3002;04-013-4020;04-013-4021;04-013-9997,2,2
Phoenix,2021,phoenix_2021-08-04,2021-08-04,2021-08-05,2,2,10,04-013-0019;04-013-3002;04-013-4020;04-013-4021;04-013-9997,1,2
Phoenix,2021,phoenix_2021-08-25,2021-08-25,2021-08-26,2,2,10,04-013-0019;04-013-3002;04-013-4020;04-013-4021;04-013-9997,1,2
Phoenix,2021,phoenix_2021-09-12,2021-09-12,2021-09-13,2,2,10,04-013-0019;04-013-3002;04-013-4020;04-013-4021;04-013-9997,1,2
Phoenix,2023,phoenix_2023-07-24,2023-07-24,2023-07-25,2,2,8,04-013-3002;04-013-4020;04-013-4021;04-013-9997,0,2
Phoenix,2024,phoenix_2024-08-02,2024-08-02,2024-08-03,2,2,8,04-013-0019;04-013-3002;04-013-4021;04-013-9997,2,2
Phoenix,2024,phoenix_2024-09-26,2024-09-26,2024-09-27,2,2,8,04-013-3002;04-013-4020;04-013-4021;04-013-9997,2,2
Phoenix,2025,phoenix_2025-08-22,2025-08-22,2025-08-23,2,2,9,04-013-0019;04-013-3002;04-013-4020;04-013-4021;04-013-9997,2,2
San Diego,2019,san_diego_2019-07-24,2019-07-24,2019-07-25,2,2,4,06-073-0001;06-073-1022,2,2
San Diego,2019,san_diego_2019-08-14,2019-08-14,2019-08-15,2,2,8,06-073-0001;06-073-1016;06-073-1022;06-073-1026,2,2
San Diego,2019,san_diego_2019-08-25,2019-08-25,2019-08-26,2,2,8,06-073-0001;06-073-1016;06-073-1022;06-073-1026,1,2
San Diego,2019,san_diego_2019-09-02,2019-09-02,2019-09-05,4,4,16,06-073-0001;06-073-1016;06-073-1022;06-073-1026,4,4
San Diego,2019,san_diego_2019-09-13,2019-09-13,2019-09-15,3,3,12,06-073-0001;06-073-1016;06-073-1022;06-073-1026,3,3
San Diego,2019,san_diego_2019-10-06,2019-10-06,2019-10-07,2,2,8,06-073-0001;06-073-1016;06-073-1022;06-073-1026,1,2
San Diego,2020,san_diego_2020-05-06,2020-05-06,2020-05-07,2,2,8,06-073-0001;06-073-1016;06-073-1022;06-073-1026,2,2
San Diego,2020,san_diego_2020-07-05,2020-07-05,2020-07-06,2,2,8,06-073-0001;06-073-1016;06-073-1022;06-073-1026,2,2
San Diego,2020,san_diego_2020-08-17,2020-08-17,2020-08-21,5,5,20,06-073-0001;06-073-1016;06-073-1022;06-073-1026,5,5
San Diego,2020,san_diego_2020-09-04,2020-09-04,2020-09-05,2,2,8,06-073-0001;06-073-1016;06-073-1022;06-073-1026,1,2
San Diego,2020,san_diego_2020-09-22,2020-09-22,2020-09-24,3,3,10,06-073-0001;06-073-1016;06-073-1022;06-073-1026,3,3
San Diego,2020,san_diego_2020-10-01,2020-10-01,2020-10-06,6,6,23,06-073-0001;06-073-1016;06-073-1022;06-073-1026,3,6
San Diego,2020,san_diego_2020-10-14,2020-10-14,2020-10-16,3,3,12,06-073-0001;06-073-1016;06-073-1022;06-073-1026,2,3
San Diego,2021,san_diego_2021-08-27,2021-08-27,2021-08-28,2,2,8,06-073-0001;06-073-1016;06-073-1022;06-073-1026,2,2
San Diego,2021,san_diego_2021-10-01,2021-10-01,2021-10-02,2,2,8,06-073-0001;06-073-1016;06-073-1022;06-073-1026,1,2
San Diego,2022,san_diego_2022-06-26,2022-06-26,2022-06-28,3,3,10,06-073-0001;06-073-1016;06-073-1022;06-073-1026,3,3
San Diego,2022,san_diego_2022-08-09,2022-08-09,2022-08-10,2,2,7,06-073-0001;06-073-1016;06-073-1022;06-073-1026,2,2
San Diego,2022,san_diego_2022-09-01,2022-09-01,2022-09-03,3,3,11,06-073-0001;06-073-1016;06-073-1022;06-073-1026,1,3
San Diego,2022,san_diego_2022-09-27,2022-09-27,2022-09-28,2,2,8,06-073-0001;06-073-1016;06-073-1022;06-073-1026,2,2
San Diego,2023,san_diego_2023-07-24,2023-07-24,2023-07-27,4,4,16,06-073-0001;06-073-1016;06-073-1022;06-073-1026,4,4
San Diego,2023,san_diego_2023-08-06,2023-08-06,2023-08-08,3,3,11,06-073-0001;06-073-1016;06-073-1022;06-073-1026,3,3
San Diego,2023,san_diego_2023-08-28,2023-08-28,2023-08-30,3,3,12,06-073-0001;06-073-1016;06-073-1022;06-073-1026,3,3
San Diego,2023,san_diego_2023-09-10,2023-09-10,2023-09-11,2,2,8,06-073-0001;06-073-1016;06-073-1022;06-073-1026,2,2
San Diego,2023,san_diego_2023-10-04,2023-10-04,2023-10-07,4,4,16,06-073-0001;06-073-1016;06-073-1022;06-073-1026,2,4
San Diego,2024,san_diego_2024-06-22,2024-06-22,2024-06-23,2,2,10,06-073-0001;06-073-1016;06-073-1022;06-073-1025;06-073-1026,2,2
San Diego,2024,san_diego_2024-08-13,2024-08-13,2024-08-15,3,3,15,06-073-0001;06-073-1016;06-073-1022;06-073-1025;06-073-1026,2,3
San Diego,2024,san_diego_2024-09-05,2024-09-05,2024-09-07,3,3,15,06-073-0001;06-073-1016;06-073-1022;06-073-1025;06-073-1026,2,3
San Diego,2024,san_diego_2024-10-01,2024-10-01,2024-10-02,2,2,9,06-073-0001;06-073-1016;06-073-1022;06-073-1025;06-073-1026,1,2
San Diego,2025,san_diego_2025-08-20,2025-08-20,2025-08-23,4,4,16,06-073-1016;06-073-1022;06-073-1025;06-073-1026,3,4
San Diego,2025,san_diego_2025-08-30,2025-08-30,2025-08-31,2,2,8,06-073-1016;06-073-1022;06-073-1025;06-073-1026,1,2
Seattle,2019,seattle_2019-08-05,2019-08-05,2019-08-06,2,2,4,53-033-0030;53-033-0080,1,2
Seattle,2019,seattle_2019-08-12,2019-08-12,2019-08-15,4,4,8,53-033-0030;53-033-0080,3,4
Seattle,2019,seattle_2019-09-02,2019-09-02,2019-09-03,2,2,4,53-033-0030;53-033-0080,2,2
Seattle,2020,seattle_2020-08-27,2020-08-27,2020-08-28,2,2,4,53-033-0030;53-033-0080,2,2
Seattle,2021,seattle_2021-07-10,2021-07-10,2021-07-13,4,4,8,53-033-0030;53-033-0080,2,4
Seattle,2021,seattle_2021-07-18,2021-07-18,2021-07-19,2,2,3,53-033-0030;53-033-0080,0,2
Seattle,2021,seattle_2021-07-27,2021-07-27,2021-07-28,2,2,4,53-033-0030;53-033-0080,2,2
Seattle,2022,seattle_2022-07-29,2022-07-29,2022-07-31,3,3,6,53-033-0030;53-033-0080,3,3
Seattle,2022,seattle_2022-08-14,2022-08-14,2022-08-15,2,2,4,53-033-0030;53-033-0080,1,2
Seattle,2023,seattle_2023-07-12,2023-07-12,2023-07-16,5,5,10,53-033-0030;53-033-0080,4,5
Seattle,2023,seattle_2023-07-27,2023-07-27,2023-07-28,2,2,4,53-033-0030;53-033-0080,1,2
Seattle,2023,seattle_2023-08-16,2023-08-16,2023-08-17,2,2,4,53-033-0030;53-033-0080,2,2
Seattle,2023,seattle_2023-09-15,2023-09-15,2023-09-16,2,2,4,53-033-0030;53-033-0080,2,2
Seattle,2024,seattle_2024-07-11,2024-07-11,2024-07-12,2,2,4,53-033-0030;53-033-0080,1,2
Seattle,2024,seattle_2024-08-02,2024-08-02,2024-08-04,3,3,6,53-033-0030;53-033-0080,3,3
Seattle,2025,seattle_2025-06-09,2025-06-09,2025-06-10,2,2,5,53-033-0030;53-033-0057;53-033-0080,1,2
Seattle,2025,seattle_2025-07-30,2025-07-30,2025-08-01,3,3,5,53-033-0030;53-033-0057;53-033-0080,3,3
Seattle,2025,seattle_2025-08-24,2025-08-24,2025-08-26,3,3,9,53-033-0030;53-033-0057;53-033-0080,3,3
