city,year,run_type,isolated_runs,persistent_runs,weather_days,n,mean,median,q25,q75,minimum,maximum,sd
Atlanta,2019,low_wind,15,14,64,29,2.206896551724138,1.0,1.0,2.0,1.0,7.0,1.7192047651837583
Atlanta,2019,pure_wind,13,4,25,17,1.4705882352941178,1.0,1.0,1.0,1.0,4.0,1.007326105267277
Atlanta,2020,low_wind,10,12,58,22,2.6363636363636362,2.0,1.0,2.75,1.0,15.0,3.18546482435235
Atlanta,2020,pure_wind,12,11,37,23,1.608695652173913,1.0,1.0,2.0,1.0,4.0,0.7827184815397383
Atlanta,2021,low_wind,14,17,79,31,2.5483870967741935,2.0,1.0,3.0,1.0,10.0,2.2925780201543025
Atlanta,2021,pure_wind,17,15,66,32,2.0625,1.0,1.0,3.0,1.0,6.0,1.50134348437142
Atlanta,2022,low_wind,16,11,56,27,2.074074074074074,1.0,1.0,2.5,1.0,9.0,1.8999175270749544
Atlanta,2022,pure_wind,13,10,40,23,1.7391304347826086,1.0,1.0,2.0,1.0,6.0,1.1761799222424119
Atlanta,2023,low_wind,22,10,54,32,1.6875,1.0,1.0,2.0,1.0,7.0,1.3781123134153823
Atlanta,2023,pure_wind,18,6,33,24,1.375,1.0,1.0,1.25,1.0,3.0,0.7109393663377318
Atlanta,2024,low_wind,18,12,57,30,1.9,1.0,1.0,2.0,1.0,8.0,1.6049492418657723
Atlanta,2024,pure_wind,17,7,34,24,1.4166666666666667,1.0,1.0,2.0,1.0,5.0,0.8805466023105079
Atlanta,2025,low_wind,15,11,58,26,2.230769230769231,1.0,1.0,2.75,1.0,8.0,2.045633247827035
Atlanta,2025,pure_wind,17,7,39,24,1.625,1.0,1.0,2.0,1.0,4.0,1.0959411282189109
Chicago,2019,low_wind,17,19,70,36,1.9444444444444444,2.0,1.0,2.0,1.0,7.0,1.4917763992625788
Chicago,2019,pure_wind,20,17,58,37,1.5675675675675675,1.0,1.0,2.0,1.0,5.0,0.8007128955756495
Chicago,2020,low_wind,15,13,55,28,1.9642857142857142,1.0,1.0,2.25,1.0,7.0,1.4525110532413719
Chicago,2020,pure_wind,19,7,36,26,1.3846153846153846,1.0,1.0,1.75,1.0,3.0,0.6972473349922867
Chicago,2021,low_wind,21,17,73,38,1.9210526315789473,1.0,1.0,2.75,1.0,6.0,1.3432831692650382
Chicago,2021,pure_wind,21,13,55,34,1.6176470588235294,1.0,1.0,2.0,1.0,4.0,0.9216160339761871
Chicago,2022,low_wind,17,14,59,31,1.903225806451613,1.0,1.0,3.0,1.0,5.0,1.2207876886032072
Chicago,2022,pure_wind,16,11,45,27,1.6666666666666667,1.0,1.0,2.0,1.0,4.0,0.9607689228305227
Chicago,2023,low_wind,19,18,69,37,1.864864864864865,1.0,1.0,2.0,1.0,7.0,1.2508255532105845
Chicago,2023,pure_wind,22,13,56,35,1.6,1.0,1.0,2.0,1.0,4.0,0.9139442639718566
Chicago,2024,low_wind,20,13,62,33,1.878787878787879,1.0,1.0,2.0,1.0,8.0,1.6347319305771466
Chicago,2024,pure_wind,20,8,40,28,1.4285714285714286,1.0,1.0,2.0,1.0,4.0,0.7901510136288027
Chicago,2025,low_wind,17,19,84,36,2.3333333333333335,2.0,1.0,3.0,1.0,8.0,1.820517979665599
Chicago,2025,pure_wind,20,15,60,35,1.7142857142857142,1.0,1.0,2.0,1.0,5.0,1.0451970985368817
Dallas,2019,low_wind,16,15,63,31,2.032258064516129,1.0,1.0,3.0,1.0,7.0,1.4487666241264656
Dallas,2019,pure_wind,19,9,44,28,1.5714285714285714,1.0,1.0,2.0,1.0,5.0,1.0338196500275416
Dallas,2020,low_wind,20,12,57,32,1.78125,1.0,1.0,2.0,1.0,5.0,1.2632363710059404
Dallas,2020,pure_wind,16,12,51,28,1.8214285714285714,1.0,1.0,2.25,1.0,5.0,1.1564175661505611
Dallas,2021,low_wind,12,17,81,29,2.793103448275862,2.0,1.0,4.0,1.0,11.0,2.396117549358718
Dallas,2021,pure_wind,14,16,66,30,2.2,2.0,1.0,3.0,1.0,6.0,1.471569652235092
Dallas,2022,low_wind,15,10,56,25,2.24,1.0,1.0,2.0,1.0,12.0,2.5703436864876
Dallas,2022,pure_wind,11,5,40,16,2.5,1.0,1.0,2.0,1.0,12.0,3.141125063837266
Dallas,2023,low_wind,16,9,56,25,2.24,1.0,1.0,3.0,1.0,11.0,2.3144473782453265
Dallas,2023,pure_wind,8,7,40,15,2.6666666666666665,1.0,1.0,3.5,1.0,11.0,2.7688746209726913
Dallas,2024,low_wind,11,16,67,27,2.4814814814814814,2.0,1.0,2.5,1.0,9.0,2.1549651143057154
Dallas,2024,pure_wind,12,14,54,26,2.076923076923077,2.0,1.0,2.0,1.0,8.0,1.718675697694639
Dallas,2025,low_wind,15,14,77,29,2.6551724137931036,1.0,1.0,3.0,1.0,9.0,2.4967959764032086
Dallas,2025,pure_wind,16,13,65,29,2.2413793103448274,1.0,1.0,3.0,1.0,9.0,1.9758392866575734
Denver,2019,low_wind,24,15,65,39,1.6666666666666667,1.0,1.0,2.0,1.0,4.0,0.9822994862575029
Denver,2019,pure_wind,22,14,59,36,1.6388888888888888,1.0,1.0,2.0,1.0,4.0,0.9305229797662259
Denver,2020,low_wind,22,15,56,37,1.5135135135135136,1.0,1.0,2.0,1.0,4.0,0.7311186870368822
Denver,2020,pure_wind,16,14,48,30,1.6,1.0,1.0,2.0,1.0,4.0,0.7701320979389588
Denver,2021,low_wind,26,15,73,41,1.7804878048780488,1.0,1.0,2.0,1.0,7.0,1.4232391774039812
Denver,2021,pure_wind,28,11,65,39,1.6666666666666667,1.0,1.0,2.0,1.0,7.0,1.4388104248289595
Denver,2022,low_wind,20,17,64,37,1.7297297297297298,1.0,1.0,2.0,1.0,6.0,1.0966780305553234
Denver,2022,pure_wind,16,15,56,31,1.8064516129032258,1.0,1.0,2.0,1.0,6.0,1.1667434690542071
Denver,2023,low_wind,18,21,75,39,1.9230769230769231,2.0,1.0,3.0,1.0,5.0,1.0608987099975633
Denver,2023,pure_wind,16,20,71,36,1.9722222222222223,2.0,1.0,3.0,1.0,5.0,1.0819588350001679
Denver,2024,low_wind,24,13,52,37,1.4054054054054055,1.0,1.0,2.0,1.0,3.0,0.5990482942625401
Denver,2024,pure_wind,21,11,45,32,1.40625,1.0,1.0,2.0,1.0,3.0,0.6148367210474559
Denver,2025,low_wind,29,10,60,39,1.5384615384615385,1.0,1.0,1.5,1.0,11.0,1.6518913218705567
Denver,2025,pure_wind,29,9,58,38,1.5263157894736843,1.0,1.0,1.0,1.0,11.0,1.6722996321664236
Houston,2019,low_wind,13,13,58,26,2.230769230769231,1.5,1.0,2.75,1.0,7.0,1.7506042912706985
Houston,2019,pure_wind,11,11,42,22,1.9090909090909092,1.5,1.0,2.0,1.0,5.0,1.269011272759076
Houston,2020,low_wind,10,11,44,21,2.0952380952380953,2.0,1.0,2.0,1.0,8.0,1.670471846657761
Houston,2020,pure_wind,15,8,34,23,1.4782608695652173,1.0,1.0,2.0,1.0,4.0,0.7902568752334616
Houston,2021,low_wind,9,17,90,26,3.4615384615384617,3.0,1.0,4.75,1.0,13.0,2.8876394405225767
Houston,2021,pure_wind,9,17,75,26,2.8846153846153846,3.0,1.0,4.0,1.0,7.0,1.8401504955176482
Houston,2022,low_wind,14,10,66,24,2.75,1.0,1.0,3.0,1.0,15.0,3.3001976225411243
Houston,2022,pure_wind,14,7,49,21,2.3333333333333335,1.0,1.0,2.0,1.0,15.0,3.2455097185701556
Houston,2023,low_wind,10,13,63,23,2.739130434782609,2.0,1.0,3.5,1.0,8.0,2.19953282858693
Houston,2023,pure_wind,7,8,40,15,2.6666666666666665,2.0,1.0,4.0,1.0,7.0,2.0930724738891344
Houston,2024,low_wind,11,15,92,26,3.5384615384615383,2.0,1.0,3.75,1.0,23.0,4.726358168660257
Houston,2024,pure_wind,10,12,55,22,2.5,2.0,1.0,3.0,1.0,8.0,2.017778127403648
Houston,2025,low_wind,6,15,90,21,4.285714285714286,3.0,1.0,5.0,1.0,17.0,4.244323940780878
Houston,2025,pure_wind,11,16,77,27,2.8518518518518516,2.0,1.0,4.0,1.0,9.0,2.2988910989649525
Los Angeles,2019,low_wind,10,15,65,25,2.6,2.0,1.0,3.0,1.0,9.0,1.9790570145063198
Los Angeles,2019,pure_wind,14,9,44,23,1.9130434782608696,1.0,1.0,2.0,1.0,9.0,1.7815479346563374
Los Angeles,2020,low_wind,11,8,83,19,4.368421052631579,1.0,1.0,3.5,1.0,23.0,6.676746765335724
Los Angeles,2020,pure_wind,9,7,49,16,3.0625,1.0,1.0,5.0,1.0,8.0,2.619637379485947
Los Angeles,2021,low_wind,8,9,45,17,2.6470588235294117,2.0,1.0,4.0,1.0,7.0,2.206274474951729
Los Angeles,2021,pure_wind,8,8,30,16,1.875,1.5,1.0,2.0,1.0,6.0,1.3102162671355697
Los Angeles,2022,low_wind,11,9,64,20,3.2,1.0,1.0,4.0,1.0,17.0,3.9283048439967616
Los Angeles,2022,pure_wind,7,4,39,11,3.5454545454545454,1.0,1.0,4.5,1.0,16.0,4.6338674207110495
Los Angeles,2023,low_wind,12,17,86,29,2.9655172413793105,2.0,1.0,3.0,1.0,11.0,2.8092037334026787
Los Angeles,2023,pure_wind,20,13,67,33,2.0303030303030303,1.0,1.0,3.0,1.0,8.0,1.6674240703261514
Los Angeles,2024,low_wind,8,16,86,24,3.5833333333333335,2.0,1.0,3.0,1.0,29.0,5.740145935629062
Los Angeles,2024,pure_wind,6,14,73,20,3.65,2.0,1.0,3.25,1.0,16.0,3.9506828190633207
Los Angeles,2025,low_wind,7,16,73,23,3.1739130434782608,2.0,1.0,4.0,1.0,9.0,2.4982207106994347
Los Angeles,2025,pure_wind,12,12,59,24,2.4583333333333335,1.5,1.0,2.25,1.0,9.0,2.2453655975512463
New York,2019,low_wind,18,15,67,33,2.0303030303030303,1.0,1.0,2.0,1.0,8.0,1.6102183175902052
New York,2019,pure_wind,19,11,47,30,1.5666666666666667,1.0,1.0,2.0,1.0,5.0,0.9714309861845773
New York,2020,low_wind,10,17,58,27,2.1481481481481484,2.0,1.0,3.0,1.0,5.0,1.166971877049041
New York,2020,pure_wind,15,9,44,24,1.8333333333333333,1.0,1.0,3.0,1.0,5.0,1.2394482175782784
New York,2021,low_wind,21,18,69,39,1.7692307692307692,1.0,1.0,2.0,1.0,4.0,1.0120728718702565
New York,2021,pure_wind,22,12,54,34,1.588235294117647,1.0,1.0,2.0,1.0,4.0,0.9571943553260711
New York,2022,low_wind,23,16,63,39,1.6153846153846154,1.0,1.0,2.0,1.0,4.0,0.8770580193070291
New York,2022,pure_wind,18,11,47,29,1.6206896551724137,1.0,1.0,2.0,1.0,4.0,0.9416472308615167
New York,2023,low_wind,25,16,75,41,1.829268292682927,1.0,1.0,2.0,1.0,10.0,1.7306420632873547
New York,2023,pure_wind,26,11,54,37,1.4594594594594594,1.0,1.0,2.0,1.0,4.0,0.8364805435272835
New York,2024,low_wind,21,13,59,34,1.7352941176470589,1.0,1.0,2.0,1.0,5.0,1.1364171110412673
New York,2024,pure_wind,21,9,47,30,1.5666666666666667,1.0,1.0,2.0,1.0,5.0,1.072648457158112
New York,2025,low_wind,16,16,61,32,1.90625,1.5,1.0,2.25,1.0,5.0,1.1460837947184006
New York,2025,pure_wind,13,12,43,25,1.72,1.0,1.0,2.0,1.0,4.0,0.9363047936792093
Philadelphia,2019,low_wind,19,15,69,34,2.0294117647058822,1.0,1.0,2.0,1.0,8.0,1.731793502240626
Philadelphia,2019,pure_wind,22,12,54,34,1.588235294117647,1.0,1.0,2.0,1.0,4.0,0.9571943553260711
Philadelphia,2020,low_wind,11,18,62,29,2.1379310344827585,2.0,1.0,3.0,1.0,4.0,1.1251710324287365
Philadelphia,2020,pure_wind,11,14,51,25,2.04,2.0,1.0,3.0,1.0,4.0,1.1357816691600546
Philadelphia,2021,low_wind,20,18,70,38,1.8421052631578947,1.0,1.0,2.0,1.0,4.0,1.078695803861704
Philadelphia,2021,pure_wind,20,12,52,32,1.625,1.0,1.0,2.0,1.0,4.0,0.9755064854862865
Philadelphia,2022,low_wind,20,16,56,36,1.5555555555555556,1.0,1.0,2.0,1.0,4.0,0.734630886692453
Philadelphia,2022,pure_wind,16,14,46,30,1.5333333333333334,1.0,1.0,2.0,1.0,4.0,0.68144538746106
Philadelphia,2023,low_wind,22,17,69,39,1.7692307692307692,1.0,1.0,2.0,1.0,6.0,1.2239181788428604
Philadelphia,2023,pure_wind,26,12,56,38,1.4736842105263157,1.0,1.0,2.0,1.0,4.0,0.7965073116938677
Philadelphia,2024,low_wind,12,18,64,30,2.1333333333333333,2.0,1.0,3.0,1.0,6.0,1.2242755305537405
Philadelphia,2024,pure_wind,14,13,55,27,2.037037037037037,1.0,1.0,3.0,1.0,6.0,1.3150455236776897
Philadelphia,2025,low_wind,15,16,62,31,2.0,2.0,1.0,2.5,1.0,6.0,1.2909944487358056
Philadelphia,2025,pure_wind,17,11,47,28,1.6785714285714286,1.0,1.0,2.0,1.0,4.0,1.0202966681339751
Phoenix,2019,low_wind,20,16,63,36,1.75,1.0,1.0,2.0,1.0,7.0,1.2041594578792296
Phoenix,2019,pure_wind,19,15,58,34,1.7058823529411764,1.0,1.0,2.0,1.0,7.0,1.1941628680530643
Phoenix,2020,low_wind,19,9,43,28,1.5357142857142858,1.0,1.0,2.0,1.0,8.0,1.3466595945123114
Phoenix,2020,pure_wind,14,7,34,21,1.619047619047619,1.0,1.0,2.0,1.0,8.0,1.5321941938341392
Phoenix,2021,low_wind,13,20,85,33,2.5757575757575757,2.0,1.0,3.0,1.0,8.0,2.077111922693127
Phoenix,2021,pure_wind,15,16,75,31,2.4193548387096775,2.0,1.0,2.5,1.0,8.0,2.0293544712278515
Phoenix,2022,low_wind,15,17,66,32,2.0625,2.0,1.0,2.25,1.0,6.0,1.4354385639823608
Phoenix,2022,pure_wind,16,15,63,31,2.032258064516129,1.0,1.0,2.5,1.0,6.0,1.4715948484040922
Phoenix,2023,low_wind,14,16,56,30,1.8666666666666667,2.0,1.0,2.0,1.0,8.0,1.3829836145670416
Phoenix,2023,pure_wind,10,14,48,24,2.0,2.0,1.0,2.0,1.0,8.0,1.5036188231122245
Phoenix,2024,low_wind,11,21,64,32,2.0,2.0,1.0,2.0,1.0,6.0,1.1071614388213236
Phoenix,2024,pure_wind,9,15,50,24,2.0833333333333335,2.0,1.0,2.25,1.0,6.0,1.2481870911416901
Phoenix,2025,low_wind,15,17,77,32,2.40625,2.0,1.0,3.25,1.0,7.0,1.829143550690393
Phoenix,2025,pure_wind,14,15,72,29,2.4827586206896552,2.0,1.0,4.0,1.0,7.0,1.9015161179432662
San Diego,2019,low_wind,13,17,85,30,2.8333333333333335,2.0,1.0,4.0,1.0,10.0,2.4365511710603167
San Diego,2019,pure_wind,13,17,65,30,2.1666666666666665,2.0,1.0,3.0,1.0,6.0,1.3412123525798008
San Diego,2020,low_wind,9,11,71,20,3.55,2.0,1.0,5.25,1.0,10.0,3.1867323637065503
San Diego,2020,pure_wind,8,10,43,18,2.388888888888889,2.0,1.0,3.0,1.0,7.0,1.9140007034508784
San Diego,2021,low_wind,16,10,39,26,1.5,1.0,1.0,2.0,1.0,3.0,0.7071067811865476
San Diego,2021,pure_wind,13,8,31,21,1.4761904761904763,1.0,1.0,2.0,1.0,3.0,0.6796357567879738
San Diego,2022,low_wind,9,18,62,27,2.2962962962962963,2.0,1.0,2.5,1.0,9.0,1.7500508743113907
San Diego,2022,pure_wind,9,10,43,19,2.263157894736842,2.0,1.0,2.5,1.0,9.0,2.050531239111733
San Diego,2023,low_wind,20,16,69,36,1.9166666666666667,1.0,1.0,2.0,1.0,8.0,1.4614083227196584
San Diego,2023,pure_wind,22,12,50,34,1.4705882352941178,1.0,1.0,2.0,1.0,3.0,0.7064762801416988
San Diego,2024,low_wind,17,17,83,34,2.4411764705882355,1.5,1.0,2.75,1.0,19.0,3.192711173059835
San Diego,2024,pure_wind,15,18,67,33,2.0303030303030303,2.0,1.0,3.0,1.0,6.0,1.2620630056788094
San Diego,2025,low_wind,11,17,69,28,2.4642857142857144,2.0,1.0,3.25,1.0,8.0,1.8754188244751537
San Diego,2025,pure_wind,11,14,56,25,2.24,2.0,1.0,2.0,1.0,8.0,1.7387735140993301
Seattle,2019,low_wind,21,16,65,37,1.7567567567567568,1.0,1.0,2.0,1.0,6.0,1.1644122362187095
Seattle,2019,pure_wind,18,12,47,30,1.5666666666666667,1.0,1.0,2.0,1.0,4.0,0.858359836662575
Seattle,2020,low_wind,24,17,69,41,1.6829268292682926,1.0,1.0,2.0,1.0,6.0,1.1278081483622093
Seattle,2020,pure_wind,18,16,57,34,1.6764705882352942,1.0,1.0,2.0,1.0,5.0,0.9445405564321195
Seattle,2021,low_wind,20,17,59,37,1.5945945945945945,1.0,1.0,2.0,1.0,4.0,0.7978951288462892
Seattle,2021,pure_wind,16,11,41,27,1.5185185185185186,1.0,1.0,2.0,1.0,4.0,0.7529618628798984
Seattle,2022,low_wind,26,14,65,40,1.625,1.0,1.0,2.0,1.0,5.0,1.0299987552892653
Seattle,2022,pure_wind,18,11,49,29,1.6896551724137931,1.0,1.0,2.0,1.0,5.0,1.1052940228044712
Seattle,2023,low_wind,25,12,65,37,1.7567567567567568,1.0,1.0,2.0,1.0,9.0,1.6228473845786093
Seattle,2023,pure_wind,20,6,36,26,1.3846153846153846,1.0,1.0,1.0,1.0,4.0,0.8521466107154603
Seattle,2024,low_wind,21,10,46,31,1.4838709677419355,1.0,1.0,2.0,1.0,5.0,0.8896054459491385
Seattle,2024,pure_wind,16,7,34,23,1.4782608695652173,1.0,1.0,2.0,1.0,5.0,0.9472239447886797
Seattle,2025,low_wind,21,16,64,37,1.7297297297297298,1.0,1.0,2.0,1.0,5.0,1.0178585540417866
Seattle,2025,pure_wind,18,11,45,29,1.5517241379310345,1.0,1.0,2.0,1.0,4.0,0.8274835732746656
