model,city,contrast,estimate_ppb,ci_lower,ci_upper,ci_status,bootstrap_conditional_lower,bootstrap_conditional_upper,bootstrap_status,valid_bootstrap,n_station_days,n_city_days,n_stations,n_strata,n_episode_days,n_episodes,n_years,rank,parameters,condition_number,weighted_rmse,days_episode,days_pre1_6,days_post1_2,days_post3_6,days_other_compound
phase_adjusted,Atlanta,episode_vs_reference,2.244671471944632,1.3202937169959128,3.1690492268933514,approximate_delete_one_year_jackknife_t,1.5565041880014832,2.8235060638739484,conditional_on_estimability,5000,3701,1284,3,868,99,27,6,16,16,274.2305460546925,3.006876281994001,99,98,50,82,36
phase_adjusted,Atlanta,pre1_6_vs_reference,0.578398085154419,-0.017288630740560085,1.174084801049398,approximate_delete_one_year_jackknife_t,0.16610601125910707,1.2605249828080518,conditional_on_estimability,5000,3701,1284,3,868,99,27,6,16,16,274.2305460546925,3.006876281994001,99,98,50,82,36
phase_adjusted,Atlanta,post1_2_vs_reference,0.21619784549853294,-0.6771378006567481,1.109533491653814,approximate_delete_one_year_jackknife_t,-0.38757177620906463,1.0680502113919415,conditional_on_estimability,5000,3701,1284,3,868,99,27,6,16,16,274.2305460546925,3.006876281994001,99,98,50,82,36
phase_adjusted,Atlanta,post3_6_vs_reference,0.4106923561665563,-0.05298305843216161,0.8743677707652742,approximate_delete_one_year_jackknife_t,-0.04323133966849424,0.9039069753165316,conditional_on_estimability,5000,3701,1284,3,868,99,27,6,16,16,274.2305460546925,3.006876281994001,99,98,50,82,36
phase_adjusted,Atlanta,other_compound_vs_reference,0.9852669573285819,-0.6507421289799677,2.6212760436371316,approximate_delete_one_year_jackknife_t,-0.16275618995316776,2.508745299275243,conditional_on_estimability,5000,3701,1284,3,868,99,27,6,16,16,274.2305460546925,3.006876281994001,99,98,50,82,36
phase_adjusted,Chicago,episode_vs_reference,3.1061055361194567,1.495391796640726,4.716819275598187,approximate_delete_one_year_jackknife_t,1.9648330911839127,4.594038018083337,conditional_on_estimability,5000,4644,1284,4,1108,36,15,6,16,16,145.23016637301234,4.104456938994005,36,71,26,48,66
phase_adjusted,Chicago,pre1_6_vs_reference,0.23105637406853963,-1.5308285789595995,1.9929413270966787,approximate_delete_one_year_jackknife_t,-0.8780508357205448,1.4880656830037364,conditional_on_estimability,5000,4644,1284,4,1108,36,15,6,16,16,145.23016637301234,4.104456938994005,36,71,26,48,66
phase_adjusted,Chicago,post1_2_vs_reference,0.5498795945229116,-1.215631904125689,2.3153910931715123,approximate_delete_one_year_jackknife_t,-0.5175187356761906,1.7802853310795315,conditional_on_estimability,5000,4644,1284,4,1108,36,15,6,16,16,145.23016637301234,4.104456938994005,36,71,26,48,66
phase_adjusted,Chicago,post3_6_vs_reference,-1.30849241195353,-3.371025920128707,0.7540410962216468,approximate_delete_one_year_jackknife_t,-2.8130110273631304,0.2113175510150453,conditional_on_estimability,5000,4644,1284,4,1108,36,15,6,16,16,145.23016637301234,4.104456938994005,36,71,26,48,66
phase_adjusted,Chicago,other_compound_vs_reference,2.913138343588823,2.0827804764217572,3.743496210755889,approximate_delete_one_year_jackknife_t,2.2799998611197774,3.45402246022377,conditional_on_estimability,5000,4644,1284,4,1108,36,15,6,16,16,145.23016637301234,4.104456938994005,36,71,26,48,66
phase_adjusted,Dallas,episode_vs_reference,2.179632792848411,0.8345572687107292,3.524708316986093,approximate_delete_one_year_jackknife_t,1.273182588879703,3.1517753096254637,conditional_on_estimability,5000,4519,1284,4,1109,44,13,6,16,16,147.92165866303398,2.7398250427859305,44,70,25,41,42
phase_adjusted,Dallas,pre1_6_vs_reference,0.27187981463273436,-1.4441526623907608,1.9879122916562295,approximate_delete_one_year_jackknife_t,-0.9335466593391606,1.5187273373873489,conditional_on_estimability,5000,4519,1284,4,1109,44,13,6,16,16,147.92165866303398,2.7398250427859305,44,70,25,41,42
phase_adjusted,Dallas,post1_2_vs_reference,0.990791107748676,-0.2754347680217235,2.257016983519075,approximate_delete_one_year_jackknife_t,0.3005077388025261,1.8637153746976503,conditional_on_estimability,5000,4519,1284,4,1109,44,13,6,16,16,147.92165866303398,2.7398250427859305,44,70,25,41,42
phase_adjusted,Dallas,post3_6_vs_reference,0.1427428074561482,-0.2006047117211069,0.4860903266334033,approximate_delete_one_year_jackknife_t,-0.38936949769530904,0.7675965508068756,conditional_on_estimability,5000,4519,1284,4,1109,44,13,6,16,16,147.92165866303398,2.7398250427859305,44,70,25,41,42
phase_adjusted,Dallas,other_compound_vs_reference,1.4761052313863057,0.7819258005033837,2.1702846622692276,approximate_delete_one_year_jackknife_t,0.9176047761139617,2.020748867383519,conditional_on_estimability,5000,4519,1284,4,1109,44,13,6,16,16,147.92165866303398,2.7398250427859305,44,70,25,41,42
phase_adjusted,Denver,episode_vs_reference,1.450201305392973,-1.2048526068007317,4.105255217586677,approximate_delete_one_year_jackknife_t,-0.6743472012923313,3.3144671210923278,conditional_on_estimability,4993,6040,1284,5,1461,12,6,6,16,16,242.48412704843724,3.390335565356847,12,32,12,22,37
phase_adjusted,Denver,pre1_6_vs_reference,0.3052196673193661,-1.8665829571706865,2.4770222918094187,approximate_delete_one_year_jackknife_t,-0.8219693106030581,1.71076362012446,conditional_on_estimability,4993,6040,1284,5,1461,12,6,6,16,16,242.48412704843724,3.390335565356847,12,32,12,22,37
phase_adjusted,Denver,post1_2_vs_reference,0.10489962448451706,-1.3785931605879822,1.5883924095570163,approximate_delete_one_year_jackknife_t,-0.5228213643044339,1.0763359327566255,conditional_on_estimability,4993,6040,1284,5,1461,12,6,6,16,16,242.48412704843724,3.390335565356847,12,32,12,22,37
phase_adjusted,Denver,post3_6_vs_reference,0.04133457193643597,-1.4955106575089898,1.5781798013818618,approximate_delete_one_year_jackknife_t,-0.7099704509694899,1.4284190200107374,conditional_on_estimability,4993,6040,1284,5,1461,12,6,6,16,16,242.48412704843724,3.390335565356847,12,32,12,22,37
phase_adjusted,Denver,other_compound_vs_reference,0.4584919733588031,-0.5524599180188239,1.46944386473643,approximate_delete_one_year_jackknife_t,-0.36316716779312797,1.273085111104003,conditional_on_estimability,5000,6040,1284,5,1461,12,6,6,16,16,242.48412704843724,3.390335565356847,12,32,12,22,37
phase_adjusted,Houston,episode_vs_reference,1.4927681529043086,-0.06236392474045416,3.0479002305490717,approximate_delete_one_year_jackknife_t,0.3753772531736228,2.7515219309271908,conditional_on_estimability,5000,10963,1284,10,2687,84,22,6,16,16,452.45686763716964,3.4393860663095275,84,107,38,75,40
phase_adjusted,Houston,pre1_6_vs_reference,-0.244826271482748,-1.3894494356196552,0.8997968926541591,approximate_delete_one_year_jackknife_t,-0.8768238548210778,0.6263304256756295,conditional_on_estimability,5000,10963,1284,10,2687,84,22,6,16,16,452.45686763716964,3.4393860663095275,84,107,38,75,40
phase_adjusted,Houston,post1_2_vs_reference,0.5603786916679014,-1.3732399575969516,2.4939973409327543,approximate_delete_one_year_jackknife_t,-0.6218468541423114,2.2268091907799104,conditional_on_estimability,5000,10963,1284,10,2687,84,22,6,16,16,452.45686763716964,3.4393860663095275,84,107,38,75,40
phase_adjusted,Houston,post3_6_vs_reference,0.07238079568196398,-1.6951618360255714,1.8399234273894993,approximate_delete_one_year_jackknife_t,-1.1053153666319555,1.1699547868553561,conditional_on_estimability,5000,10963,1284,10,2687,84,22,6,16,16,452.45686763716964,3.4393860663095275,84,107,38,75,40
phase_adjusted,Houston,other_compound_vs_reference,0.6519969737793021,-0.046835412264488174,1.3508293598230923,approximate_delete_one_year_jackknife_t,-0.30064598119488095,1.1950040192624076,conditional_on_estimability,5000,10963,1284,10,2687,84,22,6,16,16,452.45686763716964,3.4393860663095275,84,107,38,75,40
phase_adjusted,Los Angeles,episode_vs_reference,1.6967626495819195,0.39039208413467286,3.003133215029166,approximate_delete_one_year_jackknife_t,0.6735883094339106,2.588354289064516,conditional_on_estimability,5000,9253,1284,8,2148,76,25,6,16,16,835.461535260789,3.3012410766181253,76,114,49,89,58
phase_adjusted,Los Angeles,pre1_6_vs_reference,-0.21304772022174934,-0.6810791922470385,0.2549837518035399,approximate_delete_one_year_jackknife_t,-0.45287522495628246,0.08397835489493899,conditional_on_estimability,5000,9253,1284,8,2148,76,25,6,16,16,835.461535260789,3.3012410766181253,76,114,49,89,58
phase_adjusted,Los Angeles,post1_2_vs_reference,-0.8664889503832509,-1.9437288452037906,0.2107509444372888,approximate_delete_one_year_jackknife_t,-1.688897590148268,-0.24885400435169924,conditional_on_estimability,5000,9253,1284,8,2148,76,25,6,16,16,835.461535260789,3.3012410766181253,76,114,49,89,58
phase_adjusted,Los Angeles,post3_6_vs_reference,-0.8834424441647255,-2.071463398675758,0.3045785103463068,approximate_delete_one_year_jackknife_t,-1.5353328007537375,0.2276598508357256,conditional_on_estimability,5000,9253,1284,8,2148,76,25,6,16,16,835.461535260789,3.3012410766181253,76,114,49,89,58
phase_adjusted,Los Angeles,other_compound_vs_reference,1.5203918308380127,-0.03153322048746854,3.072316882163494,approximate_delete_one_year_jackknife_t,0.2740207576282092,2.4438203615337137,conditional_on_estimability,5000,9253,1284,8,2148,76,25,6,16,16,835.461535260789,3.3012410766181253,76,114,49,89,58
phase_adjusted,New York,episode_vs_reference,2.8914056328693256,0.729946240715055,5.052865025023596,approximate_delete_one_year_jackknife_t,1.3870384475172177,4.237230142779419,conditional_on_estimability,5000,10742,1284,9,2527,58,22,6,16,16,219.52194466101514,4.030719181859383,58,85,42,67,44
phase_adjusted,New York,pre1_6_vs_reference,-0.02970153984773205,-1.6711869667056314,1.6117838870101673,approximate_delete_one_year_jackknife_t,-1.0938119985248225,0.976833771351922,conditional_on_estimability,5000,10742,1284,9,2527,58,22,6,16,16,219.52194466101514,4.030719181859383,58,85,42,67,44
phase_adjusted,New York,post1_2_vs_reference,0.19704779949773477,-1.5126524883396981,1.9067480873351679,approximate_delete_one_year_jackknife_t,-0.8638078251172512,1.6002505844241424,conditional_on_estimability,5000,10742,1284,9,2527,58,22,6,16,16,219.52194466101514,4.030719181859383,58,85,42,67,44
phase_adjusted,New York,post3_6_vs_reference,0.2235512011994245,-1.4965257016859121,1.9436281040847612,approximate_delete_one_year_jackknife_t,-1.0775447213863805,1.1208018456148998,conditional_on_estimability,5000,10742,1284,9,2527,58,22,6,16,16,219.52194466101514,4.030719181859383,58,85,42,67,44
phase_adjusted,New York,other_compound_vs_reference,2.4619191824663185,1.791036745940843,3.132801618991794,approximate_delete_one_year_jackknife_t,1.9674125879242323,2.849456774268778,conditional_on_estimability,5000,10742,1284,9,2527,58,22,6,16,16,219.52194466101514,4.030719181859383,58,85,42,67,44
phase_adjusted,Philadelphia,episode_vs_reference,0.8579656801651891,-0.5033820614895288,2.219313421819907,approximate_delete_one_year_jackknife_t,-0.1227743565001504,1.5441971384340447,conditional_on_estimability,5000,5975,1284,6,1435,35,14,6,16,16,163.1346131034335,3.462394490623639,35,73,28,47,44
phase_adjusted,Philadelphia,pre1_6_vs_reference,-0.7240128146204117,-1.5886845366338966,0.1406589073930734,approximate_delete_one_year_jackknife_t,-1.2532139485282168,-0.025524002549131286,conditional_on_estimability,5000,5975,1284,6,1435,35,14,6,16,16,163.1346131034335,3.462394490623639,35,73,28,47,44
phase_adjusted,Philadelphia,post1_2_vs_reference,-0.8062468961238239,-1.7057783047222383,0.09328451247459046,approximate_delete_one_year_jackknife_t,-1.4974861481008799,0.026814756914530787,conditional_on_estimability,5000,5975,1284,6,1435,35,14,6,16,16,163.1346131034335,3.462394490623639,35,73,28,47,44
phase_adjusted,Philadelphia,post3_6_vs_reference,-0.1702630731262751,-0.7138462921637184,0.37332014591116824,approximate_delete_one_year_jackknife_t,-0.3788945330450084,0.4304345593215664,conditional_on_estimability,5000,5975,1284,6,1435,35,14,6,16,16,163.1346131034335,3.462394490623639,35,73,28,47,44
phase_adjusted,Philadelphia,other_compound_vs_reference,0.7254850881092365,0.11218981103726422,1.3387803651812087,approximate_delete_one_year_jackknife_t,0.3379937780479544,1.2124167442153868,conditional_on_estimability,5000,5975,1284,6,1435,35,14,6,16,16,163.1346131034335,3.462394490623639,35,73,28,47,44
phase_adjusted,Phoenix,episode_vs_reference,2.6637596974206232,-0.20066575731478853,5.528185152156035,approximate_delete_one_year_jackknife_t,1.1142494510325989,6.063698432955971,conditional_on_estimability,4993,5991,1284,6,1414,16,8,6,16,16,383.04778726005156,3.052939374327255,16,46,16,32,34
phase_adjusted,Phoenix,pre1_6_vs_reference,0.9490773280541718,-1.7913938502358464,3.68954850634419,approximate_delete_one_year_jackknife_t,-0.5533899236226294,2.830410208502824,conditional_on_estimability,4993,5991,1284,6,1414,16,8,6,16,16,383.04778726005156,3.052939374327255,16,46,16,32,34
phase_adjusted,Phoenix,post1_2_vs_reference,-0.2755014764448318,-1.6973017464615103,1.1462987935718467,approximate_delete_one_year_jackknife_t,-1.4996673122720923,0.7537182619052751,conditional_on_estimability,4993,5991,1284,6,1414,16,8,6,16,16,383.04778726005156,3.052939374327255,16,46,16,32,34
phase_adjusted,Phoenix,post3_6_vs_reference,0.5620582218187783,-2.793420129046507,3.917536572684064,approximate_delete_one_year_jackknife_t,-1.1117712415736811,4.9977444134498565,conditional_on_estimability,4993,5991,1284,6,1414,16,8,6,16,16,383.04778726005156,3.052939374327255,16,46,16,32,34
phase_adjusted,Phoenix,other_compound_vs_reference,1.8243180110755872,0.4158542509932721,3.232781771157902,approximate_delete_one_year_jackknife_t,1.0330033281334732,3.0278105629025305,conditional_on_estimability,5000,5991,1284,6,1414,16,8,6,16,16,383.04778726005156,3.052939374327255,16,46,16,32,34
phase_adjusted,San Diego,episode_vs_reference,1.284519066343953,0.4247506233985192,2.144287509289387,approximate_delete_one_year_jackknife_t,0.676900365585495,1.6764888527835664,conditional_on_estimability,5000,5051,1284,5,1198,78,28,6,16,16,579.1428408981807,1.701420639919798,78,134,55,99,36
phase_adjusted,San Diego,pre1_6_vs_reference,-0.07746236238680693,-0.394022660340233,0.23909793556661912,approximate_delete_one_year_jackknife_t,-0.2783400292880998,0.1649677279387376,conditional_on_estimability,5000,5051,1284,5,1198,78,28,6,16,16,579.1428408981807,1.701420639919798,78,134,55,99,36
phase_adjusted,San Diego,post1_2_vs_reference,-0.2697022730738827,-0.7161391441804429,0.17673459803267744,approximate_delete_one_year_jackknife_t,-0.5882893548217438,0.15184885528466285,conditional_on_estimability,5000,5051,1284,5,1198,78,28,6,16,16,579.1428408981807,1.701420639919798,78,134,55,99,36
phase_adjusted,San Diego,post3_6_vs_reference,-0.768886041802645,-1.3078200636002333,-0.22995202000505666,approximate_delete_one_year_jackknife_t,-1.3099057584858593,-0.43229189928917977,conditional_on_estimability,5000,5051,1284,5,1198,78,28,6,16,16,579.1428408981807,1.701420639919798,78,134,55,99,36
phase_adjusted,San Diego,other_compound_vs_reference,1.4025567911218535,0.37179655554689006,2.433317026696817,approximate_delete_one_year_jackknife_t,0.579128872107967,2.0924625325968638,conditional_on_estimability,5000,5051,1284,5,1198,78,28,6,16,16,579.1428408981807,1.701420639919798,78,134,55,99,36
phase_adjusted,Seattle,episode_vs_reference,5.408762617583925,2.09469207555093,8.722833159616918,approximate_delete_one_year_jackknife_t,2.9323545881164383,7.925092575670302,conditional_on_estimability,5000,2447,1282,2,587,39,15,6,16,16,537.7956838777972,3.58447785178864,39,60,30,46,67
phase_adjusted,Seattle,pre1_6_vs_reference,0.7282052420006555,-1.632635674091523,3.089046158092834,approximate_delete_one_year_jackknife_t,-1.1230363062443662,2.367434021711067,conditional_on_estimability,5000,2447,1282,2,587,39,15,6,16,16,537.7956838777972,3.58447785178864,39,60,30,46,67
phase_adjusted,Seattle,post1_2_vs_reference,-0.2280041183729895,-2.631892615601002,2.175884378855023,approximate_delete_one_year_jackknife_t,-1.7621286606639879,1.7398863569591407,conditional_on_estimability,5000,2447,1282,2,587,39,15,6,16,16,537.7956838777972,3.58447785178864,39,60,30,46,67
phase_adjusted,Seattle,post3_6_vs_reference,-0.12991453424633814,-4.1595479365143415,3.8997188680216652,approximate_delete_one_year_jackknife_t,-3.107343436653612,2.079597400500786,conditional_on_estimability,5000,2447,1282,2,587,39,15,6,16,16,537.7956838777972,3.58447785178864,39,60,30,46,67
phase_adjusted,Seattle,other_compound_vs_reference,5.809525340480296,2.6740155265253964,8.945035154435196,approximate_delete_one_year_jackknife_t,4.041057094090873,7.950028928106307,conditional_on_estimability,5000,2447,1282,2,587,39,15,6,16,16,537.7956838777972,3.58447785178864,39,60,30,46,67
