model,city,contrast,estimate_ppb,estimable,bootstrap_conditional_lower,bootstrap_conditional_upper,bootstrap_valid,bootstrap_failed,bootstrap_attempted,bootstrap_status,jackknife_se,jackknife_lower,jackknife_upper,jackknife_status,n_station_days,n_city_days,n_stations,n_strata,n_episode_station_days,n_episode_city_days,n_episodes,n_compound_city_days,n_years_observed,n_year_blocks,rank_at_pinv_tolerance,parameters,condition_number,weighted_rmse,total_weight,station_days_episode,city_days_episode,station_days_neither,city_days_neither,station_days_heat_only,city_days_heat_only,station_days_wind_only,city_days_wind_only,station_days_other_compound,city_days_other_compound
phase_adjusted_secondary,Atlanta,episode_vs_reference,2.256431414449917,True,1.609409586758446,2.8081115253868365,5000,0,5000,conditional_diagnostic,0.349606410651394,1.3577395256074336,3.1551233032924006,delete_year_jackknife_diagnostic_t_df_5,3701,1284,3,868,288,99,27,133,6,6,16,16,228.6196283402028,3.0205697837429595,1283.9999999999998,288,99,2250,780,376,136,688,235,99,34
phase_adjusted_secondary,Atlanta,pre1_6_vs_reference,0.5834773445099262,True,0.1163788229722642,1.3104960202232514,5000,0,5000,conditional_diagnostic,0.24504347801958223,-0.04642696902835841,1.2133816580482106,delete_year_jackknife_diagnostic_t_df_5,3701,1284,3,868,288,99,27,133,6,6,16,16,228.6196283402028,3.0205697837429595,1283.9999999999998,288,99,2250,780,376,136,688,235,99,34
phase_adjusted_secondary,Atlanta,post1_2_vs_reference,0.22120836807209143,True,-0.3808953719936041,1.0732742023123356,5000,0,5000,conditional_diagnostic,0.34607125868051714,-0.6683961233278422,1.110812859472025,delete_year_jackknife_diagnostic_t_df_5,3701,1284,3,868,288,99,27,133,6,6,16,16,228.6196283402028,3.0205697837429595,1283.9999999999998,288,99,2250,780,376,136,688,235,99,34
phase_adjusted_secondary,Atlanta,post3_6_vs_reference,0.43406385866259567,True,-0.017738520415099046,0.9882749513598938,5000,0,5000,conditional_diagnostic,0.18212622296935566,-0.03410650189547931,0.9022342192206707,delete_year_jackknife_diagnostic_t_df_5,3701,1284,3,868,288,99,27,133,6,6,16,16,228.6196283402028,3.0205697837429595,1283.9999999999998,288,99,2250,780,376,136,688,235,99,34
phase_adjusted_secondary,Atlanta,other_compound_vs_reference,1.0762917127313216,True,-0.08892225794140035,2.6425517334443374,5000,0,5000,conditional_diagnostic,0.6276568856455689,-0.5371516765212372,2.6897351019838807,delete_year_jackknife_diagnostic_t_df_5,3701,1284,3,868,288,99,27,133,6,6,16,16,228.6196283402028,3.0205697837429595,1283.9999999999998,288,99,2250,780,376,136,688,235,99,34
phase_adjusted_secondary,Chicago,episode_vs_reference,3.0491683573155877,True,1.9563352097391449,4.47556255277487,5000,0,5000,conditional_diagnostic,0.5845713681023248,1.5464798168386817,4.551856897792494,delete_year_jackknife_diagnostic_t_df_5,4644,1284,4,1108,108,33,14,98,6,6,16,16,152.37185628662465,4.092395383037424,1284.0,108,33,2723,738,554,158,1025,290,234,65
phase_adjusted_secondary,Chicago,pre1_6_vs_reference,0.3244099017255154,True,-0.8548506354582436,1.455834986047446,5000,0,5000,conditional_diagnostic,0.6649866918607122,-1.3849928093115147,2.0338126127625453,delete_year_jackknife_diagnostic_t_df_5,4644,1284,4,1108,108,33,14,98,6,6,16,16,152.37185628662465,4.092395383037424,1284.0,108,33,2723,738,554,158,1025,290,234,65
phase_adjusted_secondary,Chicago,post1_2_vs_reference,0.4890983855408175,True,-0.605101198554399,2.096446816869744,5000,0,5000,conditional_diagnostic,0.7004296566760796,-1.3114133670516928,2.2896101381333276,delete_year_jackknife_diagnostic_t_df_5,4644,1284,4,1108,108,33,14,98,6,6,16,16,152.37185628662465,4.092395383037424,1284.0,108,33,2723,738,554,158,1025,290,234,65
phase_adjusted_secondary,Chicago,post3_6_vs_reference,-0.9446364814835619,True,-2.602838801991246,0.3543163951452776,5000,0,5000,conditional_diagnostic,0.9699332445286842,-3.4379292616487933,1.5486562986816694,delete_year_jackknife_diagnostic_t_df_5,4644,1284,4,1108,108,33,14,98,6,6,16,16,152.37185628662465,4.092395383037424,1284.0,108,33,2723,738,554,158,1025,290,234,65
phase_adjusted_secondary,Chicago,other_compound_vs_reference,3.0165004721342448,True,2.435366855814289,3.5242345168663722,5000,0,5000,conditional_diagnostic,0.3133219972328842,2.2110806373421013,3.8219203069263883,delete_year_jackknife_diagnostic_t_df_5,4644,1284,4,1108,108,33,14,98,6,6,16,16,152.37185628662465,4.092395383037424,1284.0,108,33,2723,738,554,158,1025,290,234,65
phase_adjusted_secondary,Dallas,episode_vs_reference,2.3182458865197813,True,1.3848843118380585,3.1022367141905827,5000,0,5000,conditional_diagnostic,0.5076022525932958,1.0134127562753785,3.623079016764184,delete_year_jackknife_diagnostic_t_df_5,4519,1284,4,1109,156,46,14,85,6,6,16,16,162.72401681354827,2.741223028995736,1284.0,156,46,2490,686,704,218,1035,295,134,39
phase_adjusted_secondary,Dallas,pre1_6_vs_reference,0.26002595402882167,True,-0.7021430910449329,1.433313836509006,5000,0,5000,conditional_diagnostic,0.61001386830237,-1.3080646153154938,1.8281165233731371,delete_year_jackknife_diagnostic_t_df_5,4519,1284,4,1109,156,46,14,85,6,6,16,16,162.72401681354827,2.741223028995736,1284.0,156,46,2490,686,704,218,1035,295,134,39
phase_adjusted_secondary,Dallas,post1_2_vs_reference,1.0073894145898046,True,0.32432360862152354,1.8419460971183417,5000,0,5000,conditional_diagnostic,0.5090822978286883,-0.3012482930526179,2.316027122232227,delete_year_jackknife_diagnostic_t_df_5,4519,1284,4,1109,156,46,14,85,6,6,16,16,162.72401681354827,2.741223028995736,1284.0,156,46,2490,686,704,218,1035,295,134,39
phase_adjusted_secondary,Dallas,post3_6_vs_reference,0.30255570729359915,True,0.08097336768640995,0.7896958508310377,5000,0,5000,conditional_diagnostic,0.09673389726287389,0.053893308099346116,0.5512181064878522,delete_year_jackknife_diagnostic_t_df_5,4519,1284,4,1109,156,46,14,85,6,6,16,16,162.72401681354827,2.741223028995736,1284.0,156,46,2490,686,704,218,1035,295,134,39
phase_adjusted_secondary,Dallas,other_compound_vs_reference,1.4147979531102566,True,0.9965442013476702,1.8170751023710445,5000,0,5000,conditional_diagnostic,0.25048280976062376,0.7709113922004506,2.0586845140200625,delete_year_jackknife_diagnostic_t_df_5,4519,1284,4,1109,156,46,14,85,6,6,16,16,162.72401681354827,2.741223028995736,1284.0,156,46,2490,686,704,218,1035,295,134,39
phase_adjusted_secondary,Denver,episode_vs_reference,0.9940870621496306,True,-0.9749576439060668,4.368829973336375,4990,10,5000,conditional_diagnostic,1.6603673622384474,-3.2740231197039034,5.262197244003165,delete_year_jackknife_diagnostic_t_df_5,6040,1284,5,1461,37,8,4,41,6,6,16,16,216.1591165776236,3.3863683920851844,1284.0,37,8,3185,676,1033,223,1632,344,153,33
phase_adjusted_secondary,Denver,pre1_6_vs_reference,0.00409502706428988,True,-1.2688715895953506,1.4243691052295462,4990,10,5000,conditional_diagnostic,0.8194053914973263,-2.1022535883412,2.1104436424697797,delete_year_jackknife_diagnostic_t_df_5,6040,1284,5,1461,37,8,4,41,6,6,16,16,216.1591165776236,3.3863683920851844,1284.0,37,8,3185,676,1033,223,1632,344,153,33
phase_adjusted_secondary,Denver,post1_2_vs_reference,-0.25116876874712846,True,-0.4717482161337845,0.36851179363984343,4990,10,5000,conditional_diagnostic,0.176151263887891,-0.7039800080217202,0.20164247052746326,delete_year_jackknife_diagnostic_t_df_5,6040,1284,5,1461,37,8,4,41,6,6,16,16,216.1591165776236,3.3863683920851844,1284.0,37,8,3185,676,1033,223,1632,344,153,33
phase_adjusted_secondary,Denver,post3_6_vs_reference,0.47845195939339724,True,-0.11425513361101491,1.3223752190998146,4990,10,5000,conditional_diagnostic,0.4663034570679207,-0.7202192372398178,1.6771231560266124,delete_year_jackknife_diagnostic_t_df_5,6040,1284,5,1461,37,8,4,41,6,6,16,16,216.1591165776236,3.3863683920851844,1284.0,37,8,3185,676,1033,223,1632,344,153,33
phase_adjusted_secondary,Denver,other_compound_vs_reference,0.5181290303191474,True,-0.3178021151128554,1.4748654828554826,5000,0,5000,conditional_diagnostic,0.4656378445481094,-0.6788311548610687,1.7150892154993636,delete_year_jackknife_diagnostic_t_df_5,6040,1284,5,1461,37,8,4,41,6,6,16,16,216.1591165776236,3.3863683920851844,1284.0,37,8,3185,676,1033,223,1632,344,153,33
phase_adjusted_secondary,Houston,episode_vs_reference,1.5305326209683083,True,0.34914338288998814,2.698956405235426,5000,0,5000,conditional_diagnostic,0.6731682352135706,-0.1999014167990505,3.260966658735667,delete_year_jackknife_diagnostic_t_df_5,10963,1284,10,2687,649,76,22,118,6,6,16,16,473.3378769878161,3.443543758090206,1284.0,649,76,5754,664,1706,207,2506,295,348,42
phase_adjusted_secondary,Houston,pre1_6_vs_reference,-0.23401921116125224,True,-0.8979938466091397,0.6755142064104049,5000,0,5000,conditional_diagnostic,0.4566507377368328,-1.4078773028174771,0.9398388804949727,delete_year_jackknife_diagnostic_t_df_5,10963,1284,10,2687,649,76,22,118,6,6,16,16,473.3378769878161,3.443543758090206,1284.0,649,76,5754,664,1706,207,2506,295,348,42
phase_adjusted_secondary,Houston,post1_2_vs_reference,0.5077561223067519,True,-0.7012736263533947,2.0555062609824444,5000,0,5000,conditional_diagnostic,0.7537654822723836,-1.429859734752284,2.4453719793657878,delete_year_jackknife_diagnostic_t_df_5,10963,1284,10,2687,649,76,22,118,6,6,16,16,473.3378769878161,3.443543758090206,1284.0,649,76,5754,664,1706,207,2506,295,348,42
phase_adjusted_secondary,Houston,post3_6_vs_reference,0.15034913561571317,True,-1.1040872773088188,1.3233531265097405,5000,0,5000,conditional_diagnostic,0.7087006058253518,-1.6714237686233877,1.972122039854814,delete_year_jackknife_diagnostic_t_df_5,10963,1284,10,2687,649,76,22,118,6,6,16,16,473.3378769878161,3.443543758090206,1284.0,649,76,5754,664,1706,207,2506,295,348,42
phase_adjusted_secondary,Houston,other_compound_vs_reference,0.7662314217773538,True,-0.15501402580397317,1.2895782192532343,5000,0,5000,conditional_diagnostic,0.2829446183971042,0.038899125234709064,1.4935637183199986,delete_year_jackknife_diagnostic_t_df_5,10963,1284,10,2687,649,76,22,118,6,6,16,16,473.3378769878161,3.443543758090206,1284.0,649,76,5754,664,1706,207,2506,295,348,42
phase_adjusted_secondary,Los Angeles,episode_vs_reference,1.5908656839237416,True,0.7488420904896014,2.336382522815933,5000,0,5000,conditional_diagnostic,0.36992883664731807,0.6399333359600724,2.541798031887411,delete_year_jackknife_diagnostic_t_df_5,9253,1284,8,2148,556,76,24,127,6,6,16,16,802.0233621430314,3.3040802095815645,1283.9999999999998,556,76,5374,743,808,112,2154,302,361,51
phase_adjusted_secondary,Los Angeles,pre1_6_vs_reference,-0.1985251144416867,True,-0.5008950586000256,0.15280145960473804,5000,0,5000,conditional_diagnostic,0.2153903358048318,-0.7522035992331935,0.35515337034982003,delete_year_jackknife_diagnostic_t_df_5,9253,1284,8,2148,556,76,24,127,6,6,16,16,802.0233621430314,3.3040802095815645,1283.9999999999998,556,76,5374,743,808,112,2154,302,361,51
phase_adjusted_secondary,Los Angeles,post1_2_vs_reference,-0.47500998336338185,True,-1.2911010397043068,0.054899064262404984,5000,0,5000,conditional_diagnostic,0.3610362570161553,-1.4030832276552347,0.45306326092847093,delete_year_jackknife_diagnostic_t_df_5,9253,1284,8,2148,556,76,24,127,6,6,16,16,802.0233621430314,3.3040802095815645,1283.9999999999998,556,76,5374,743,808,112,2154,302,361,51
phase_adjusted_secondary,Los Angeles,post3_6_vs_reference,-0.865056196709036,True,-1.6473188679290396,0.22863282407159646,5000,0,5000,conditional_diagnostic,0.4985762391609014,-2.146687220775916,0.416574827357844,delete_year_jackknife_diagnostic_t_df_5,9253,1284,8,2148,556,76,24,127,6,6,16,16,802.0233621430314,3.3040802095815645,1283.9999999999998,556,76,5374,743,808,112,2154,302,361,51
phase_adjusted_secondary,Los Angeles,other_compound_vs_reference,1.8704149879436454,True,0.592143886424747,2.8480511806349558,5000,0,5000,conditional_diagnostic,0.6458670379728799,0.2101609118943304,3.5306690639929603,delete_year_jackknife_diagnostic_t_df_5,9253,1284,8,2148,556,76,24,127,6,6,16,16,802.0233621430314,3.3040802095815645,1283.9999999999998,556,76,5374,743,808,112,2154,302,361,51
phase_adjusted_secondary,New York,episode_vs_reference,2.9179112573276162,True,1.323257928471046,4.211180483389831,5000,0,5000,conditional_diagnostic,0.8228472165829054,0.8027151488756994,5.033107365779533,delete_year_jackknife_diagnostic_t_df_5,10742,1284,9,2527,466,56,21,98,6,6,16,16,213.26322937670062,4.035487452321206,1284.0,466,56,6280,751,1205,142,2440,293,351,42
phase_adjusted_secondary,New York,pre1_6_vs_reference,0.012298495813620525,True,-1.104324269554891,0.9772827749813455,5000,0,5000,conditional_diagnostic,0.5765832240855551,-1.4698558667533301,1.4944528583805712,delete_year_jackknife_diagnostic_t_df_5,10742,1284,9,2527,466,56,21,98,6,6,16,16,213.26322937670062,4.035487452321206,1284.0,466,56,6280,751,1205,142,2440,293,351,42
phase_adjusted_secondary,New York,post1_2_vs_reference,0.18949097264354914,True,-0.8998470733534489,1.6836494285918895,5000,0,5000,conditional_diagnostic,0.658609379998203,-1.5035183363595266,1.882500281646625,delete_year_jackknife_diagnostic_t_df_5,10742,1284,9,2527,466,56,21,98,6,6,16,16,213.26322937670062,4.035487452321206,1284.0,466,56,6280,751,1205,142,2440,293,351,42
phase_adjusted_secondary,New York,post3_6_vs_reference,0.17034481581549676,True,-0.9086136250424754,1.122652496158163,5000,0,5000,conditional_diagnostic,0.6414656872531348,-1.4785952280213766,1.81928485965237,delete_year_jackknife_diagnostic_t_df_5,10742,1284,9,2527,466,56,21,98,6,6,16,16,213.26322937670062,4.035487452321206,1284.0,466,56,6280,751,1205,142,2440,293,351,42
phase_adjusted_secondary,New York,other_compound_vs_reference,2.3315394550220887,True,1.5811634855935028,2.853980077865037,5000,0,5000,conditional_diagnostic,0.42338220937555393,1.2432008380697188,3.4198780719744586,delete_year_jackknife_diagnostic_t_df_5,10742,1284,9,2527,466,56,21,98,6,6,16,16,213.26322937670062,4.035487452321206,1284.0,466,56,6280,751,1205,142,2440,293,351,42
phase_adjusted_secondary,Philadelphia,episode_vs_reference,1.0006557039435058,True,-0.23003597476388907,1.92619321425778,5000,0,5000,conditional_diagnostic,0.749209595646655,-0.9252488737102136,2.926560281597225,delete_year_jackknife_diagnostic_t_df_5,5975,1284,6,1435,145,33,13,76,6,6,16,16,159.33980087698347,3.4616606337860367,1284.0,145,33,3414,730,743,164,1474,314,199,43
phase_adjusted_secondary,Philadelphia,pre1_6_vs_reference,-0.7597296736323234,True,-1.2582065119168808,-0.1928754307522736,5000,0,5000,conditional_diagnostic,0.3163841212536372,-1.5730209488106803,0.05356160154603362,delete_year_jackknife_diagnostic_t_df_5,5975,1284,6,1435,145,33,13,76,6,6,16,16,159.33980087698347,3.4616606337860367,1284.0,145,33,3414,730,743,164,1474,314,199,43
phase_adjusted_secondary,Philadelphia,post1_2_vs_reference,-0.641168623034143,True,-1.426320974687622,0.21488187545891302,5000,0,5000,conditional_diagnostic,0.3789384010239103,-1.6152607935312764,0.33292354746299024,delete_year_jackknife_diagnostic_t_df_5,5975,1284,6,1435,145,33,13,76,6,6,16,16,159.33980087698347,3.4616606337860367,1284.0,145,33,3414,730,743,164,1474,314,199,43
phase_adjusted_secondary,Philadelphia,post3_6_vs_reference,0.25938460836765576,True,-0.20609263698673863,0.8976779305584197,5000,0,5000,conditional_diagnostic,0.3376681135817972,-0.6086189108792921,1.1273881276146036,delete_year_jackknife_diagnostic_t_df_5,5975,1284,6,1435,145,33,13,76,6,6,16,16,159.33980087698347,3.4616606337860367,1284.0,145,33,3414,730,743,164,1474,314,199,43
phase_adjusted_secondary,Philadelphia,other_compound_vs_reference,0.7188301224754059,True,0.2712054262205508,1.0132454364881873,5000,0,5000,conditional_diagnostic,0.19196645607030757,0.22536463744959673,1.212295607501215,delete_year_jackknife_diagnostic_t_df_5,5975,1284,6,1435,145,33,13,76,6,6,16,16,159.33980087698347,3.4616606337860367,1284.0,145,33,3414,730,743,164,1474,314,199,43
phase_adjusted_secondary,Phoenix,episode_vs_reference,2.6200421360018016,True,1.1129252658906585,5.995366645640782,4996,4,5000,conditional_diagnostic,1.0969274109499239,-0.19969954159764347,5.439783813601247,delete_year_jackknife_diagnostic_t_df_5,5991,1284,6,1414,72,16,8,49,6,6,16,16,412.51351015286434,3.0537763170580154,1284.0,72,16,3096,666,1104,241,1566,328,153,33
phase_adjusted_secondary,Phoenix,pre1_6_vs_reference,0.9624723647843798,True,-0.5382939530595321,2.9149868651031707,4996,4,5000,conditional_diagnostic,1.089275919288723,-1.8376005273352598,3.762545256904019,delete_year_jackknife_diagnostic_t_df_5,5991,1284,6,1414,72,16,8,49,6,6,16,16,412.51351015286434,3.0537763170580154,1284.0,72,16,3096,666,1104,241,1566,328,153,33
phase_adjusted_secondary,Phoenix,post1_2_vs_reference,-0.25938539196374927,True,-1.4020672682665118,0.7387036852713696,4996,4,5000,conditional_diagnostic,0.5300253244370574,-1.6218588633888935,1.103088079461395,delete_year_jackknife_diagnostic_t_df_5,5991,1284,6,1414,72,16,8,49,6,6,16,16,412.51351015286434,3.0537763170580154,1284.0,72,16,3096,666,1104,241,1566,328,153,33
phase_adjusted_secondary,Phoenix,post3_6_vs_reference,0.6617564763183259,True,-1.0596343313049785,5.135505769792106,4996,4,5000,conditional_diagnostic,1.3172218086459215,-2.7242699784908933,4.0477829311275455,delete_year_jackknife_diagnostic_t_df_5,5991,1284,6,1414,72,16,8,49,6,6,16,16,412.51351015286434,3.0537763170580154,1284.0,72,16,3096,666,1104,241,1566,328,153,33
phase_adjusted_secondary,Phoenix,other_compound_vs_reference,1.8402629428336814,True,0.9962482095278433,2.973403231842443,5000,0,5000,conditional_diagnostic,0.5501700273611149,0.4260058639876654,3.2545200216796975,delete_year_jackknife_diagnostic_t_df_5,5991,1284,6,1414,72,16,8,49,6,6,16,16,412.51351015286434,3.0537763170580154,1284.0,72,16,3096,666,1104,241,1566,328,153,33
phase_adjusted_secondary,San Diego,episode_vs_reference,1.3944128062438148,True,0.7200555354578047,1.7969751439212533,5000,0,5000,conditional_diagnostic,0.3644327329189466,0.45760864269107027,2.3312169697965595,delete_year_jackknife_diagnostic_t_df_5,5051,1284,5,1198,291,72,26,110,6,6,16,16,654.2012904986062,1.7024510811334048,1284.0,291,72,2858,735,559,140,1193,299,150,38
phase_adjusted_secondary,San Diego,pre1_6_vs_reference,-0.014188070503247552,True,-0.25842784993196044,0.20278973481673068,5000,0,5000,conditional_diagnostic,0.1335428390067764,-0.3574708667333717,0.3290947257268766,delete_year_jackknife_diagnostic_t_df_5,5051,1284,5,1198,291,72,26,110,6,6,16,16,654.2012904986062,1.7024510811334048,1284.0,291,72,2858,735,559,140,1193,299,150,38
phase_adjusted_secondary,San Diego,post1_2_vs_reference,-0.25701672145299614,True,-0.6541514909622321,0.18857188706145278,5000,0,5000,conditional_diagnostic,0.22376874817597908,-0.8322326008972447,0.3181991579912524,delete_year_jackknife_diagnostic_t_df_5,5051,1284,5,1198,291,72,26,110,6,6,16,16,654.2012904986062,1.7024510811334048,1284.0,291,72,2858,735,559,140,1193,299,150,38
phase_adjusted_secondary,San Diego,post3_6_vs_reference,-0.7825663258280477,True,-1.3638718706742274,-0.3924651659820851,5000,0,5000,conditional_diagnostic,0.2519550704370074,-1.4302374532898872,-0.13489519836620834,delete_year_jackknife_diagnostic_t_df_5,5051,1284,5,1198,291,72,26,110,6,6,16,16,654.2012904986062,1.7024510811334048,1284.0,291,72,2858,735,559,140,1193,299,150,38
phase_adjusted_secondary,San Diego,other_compound_vs_reference,1.344189951931492,True,0.6009464347156663,2.042352824618195,5000,0,5000,conditional_diagnostic,0.3881280966995874,0.3464749166554375,2.3419049872075464,delete_year_jackknife_diagnostic_t_df_5,5051,1284,5,1198,291,72,26,110,6,6,16,16,654.2012904986062,1.7024510811334048,1284.0,291,72,2858,735,559,140,1193,299,150,38
phase_adjusted_secondary,Seattle,episode_vs_reference,4.216790754614867,True,1.5689631171578795,7.844763876931054,5000,0,5000,conditional_diagnostic,1.8646953296667415,-0.5765611888223283,9.010142698052062,delete_year_jackknife_diagnostic_t_df_5,2447,1282,2,587,78,40,16,104,6,6,16,16,510.77096936167914,3.6218185394278817,1282.0,78,40,1407,735,331,179,511,264,120,64
phase_adjusted_secondary,Seattle,pre1_6_vs_reference,0.7640293953563582,True,-0.9416339406259598,2.6194334085456674,5000,0,5000,conditional_diagnostic,0.9001748846679093,-1.5499438120669837,3.0780026027797,delete_year_jackknife_diagnostic_t_df_5,2447,1282,2,587,78,40,16,104,6,6,16,16,510.77096936167914,3.6218185394278817,1282.0,78,40,1407,735,331,179,511,264,120,64
phase_adjusted_secondary,Seattle,post1_2_vs_reference,-0.11554555523097632,True,-1.7798671971485929,2.283910983347943,5000,0,5000,conditional_diagnostic,1.1037188871133454,-2.95274527809327,2.7216541676313173,delete_year_jackknife_diagnostic_t_df_5,2447,1282,2,587,78,40,16,104,6,6,16,16,510.77096936167914,3.6218185394278817,1282.0,78,40,1407,735,331,179,511,264,120,64
phase_adjusted_secondary,Seattle,post3_6_vs_reference,0.3099740843740031,True,-2.1516114591556597,2.4808283811432963,5000,0,5000,conditional_diagnostic,1.3434214568052636,-3.143400710093683,3.76334887884169,delete_year_jackknife_diagnostic_t_df_5,2447,1282,2,587,78,40,16,104,6,6,16,16,510.77096936167914,3.6218185394278817,1282.0,78,40,1407,735,331,179,511,264,120,64
phase_adjusted_secondary,Seattle,other_compound_vs_reference,5.56376307919261,True,3.7668416708426697,7.794046147624591,5000,0,5000,conditional_diagnostic,1.1830653182519517,2.522596861722847,8.604929296662373,delete_year_jackknife_diagnostic_t_df_5,2447,1282,2,587,78,40,16,104,6,6,16,16,510.77096936167914,3.6218185394278817,1282.0,78,40,1407,735,331,179,511,264,120,64
