model,city,contrast,estimate_ppb,estimable,diagnostic_reason,support_station_days,strata,unique_weather_days,episode_station_days,episode_city_days,observed_episodes,within_rank,parameters,condition_number,contrast_projection_max_error,jackknife_status,jackknife_se,jackknife_lower,jackknife_upper,delete_year_attempted,delete_year_unavailable,unavailable_when_omitting_years,city_year_bootstrap_attempted,city_year_bootstrap_valid,city_year_bootstrap_failed,note
direct_episode_neither,Atlanta,episode_vs_neither,2.083161120378472,True,estimable,516,165,177,218,75,26,12,12,329.0712116530988,1.3322676295501878e-15,delete_year_jackknife_diagnostic_t_df_5,0.3801899374742601,1.105851773015433,3.0604704677415118,6,0,,5000,5000,0,Weather is common to sites within a city-date; additional stations are not independent weather replicates.
direct_episode_neither,Chicago,episode_vs_neither,4.335753459031579,True,estimable,194,73,59,74,23,12,12,12,887.8015853885737,2.220446049250313e-15,delete_year_jackknife_diagnostic_t_df_5,0.9718617495919348,1.837503298780823,6.834003619282336,6,0,,5000,4829,171,Weather is common to sites within a city-date; additional stations are not independent weather replicates.
direct_episode_neither,Dallas,episode_vs_neither,2.7607506518166023,True,estimable,266,91,78,99,30,11,12,12,1057.9382834517005,1.2212453270876722e-15,delete_year_jackknife_diagnostic_t_df_5,0.2355314635623988,2.155297749862263,3.3662035537709416,6,0,,5000,4777,223,Weather is common to sites within a city-date; additional stations are not independent weather replicates.
direct_episode_neither,Denver,episode_vs_neither,,False,contrast_not_in_within_design_row_space_after_adjustment,50,23,11,23,5,4,6,12,2.2789938202349752e+19,0.15893539741046936,unavailable_fewer_than_3_blocks_or_nonidentifiable_deletion,,,,6,6,2019;2020;2021;2022;2023;2024,5000,0,5000,Weather is common to sites within a city-date; additional stations are not independent weather replicates.
direct_episode_neither,Houston,episode_vs_neither,1.910432421297954,True,estimable,677,252,82,318,37,16,12,12,4275.33213648301,4.440892098500626e-15,delete_year_jackknife_diagnostic_t_df_5,1.3698399887295156,-1.6108533714583926,5.4317182140543006,6,0,,5000,4931,69,Weather is common to sites within a city-date; additional stations are not independent weather replicates.
direct_episode_neither,Los Angeles,episode_vs_neither,3.1556284391484937,True,estimable,1116,378,157,436,61,22,12,12,1657.9827619027296,2.2412627309620348e-15,delete_year_jackknife_diagnostic_t_df_5,1.5384059288700342,-0.7989698974400286,7.110226775737016,6,0,,5000,5000,0,Weather is common to sites within a city-date; additional stations are not independent weather replicates.
direct_episode_neither,New York,episode_vs_neither,4.760269061112231,True,estimable,968,324,119,381,46,20,12,12,2743.9439650961226,1.0269562977782698e-15,delete_year_jackknife_diagnostic_t_df_5,1.0968204645795716,1.9408022979098003,7.579735824314661,6,0,,5000,4993,7,Weather is common to sites within a city-date; additional stations are not independent weather replicates.
direct_episode_neither,Philadelphia,episode_vs_neither,2.670353737186454,True,estimable,251,83,61,90,22,12,12,12,800.3541232562958,2.4841240175987878e-15,delete_year_jackknife_diagnostic_t_df_5,0.9857673112093336,0.1363581928276915,5.204349281545216,6,0,,5000,4914,86,Weather is common to sites within a city-date; additional stations are not independent weather replicates.
direct_episode_neither,Phoenix,episode_vs_neither,4.442781522439034,True,estimable,131,44,30,49,11,7,12,12,11086.213188380128,1.0436096431476471e-14,delete_year_jackknife_diagnostic_t_df_5,6.375215060103113,-11.9452305093371,20.83079355421517,6,0,,5000,3806,1194,Weather is common to sites within a city-date; additional stations are not independent weather replicates.
direct_episode_neither,San Diego,episode_vs_neither,2.245466885972716,True,estimable,631,226,161,229,58,26,12,12,2467.043859589627,3.9968028886505635e-15,delete_year_jackknife_diagnostic_t_df_5,0.2565958466234094,1.585866263542858,2.905067508402574,6,0,,5000,5000,0,Weather is common to sites within a city-date; additional stations are not independent weather replicates.
direct_episode_neither,Seattle,episode_vs_neither,4.791948967097726,True,estimable,136,50,71,56,29,15,12,12,2969.785562800095,1.5543122344752192e-15,delete_year_jackknife_diagnostic_t_df_5,1.3355909595731537,1.358703106578902,8.22519482761655,6,0,,5000,4897,103,Weather is common to sites within a city-date; additional stations are not independent weather replicates.
direct_episode_wind,Atlanta,episode_vs_wind_only,0.8250925217542551,True,estimable,276,101,95,137,47,20,12,12,1852.158260983511,1.1379786002407855e-15,delete_year_jackknife_diagnostic_t_df_5,0.4677648330194777,-0.3773352613550682,2.0275203048635784,6,0,,5000,4999,1,Weather is common to sites within a city-date; additional stations are not independent weather replicates.
direct_episode_wind,Chicago,episode_vs_wind_only,0.8557152766069649,True,estimable,133,61,43,65,21,12,12,12,5818.392321059319,3.1086244689504383e-15,delete_year_jackknife_diagnostic_t_df_5,2.2626042286467483,-4.960494054786281,6.671924608000211,6,0,,5000,3983,1017,Weather is common to sites within a city-date; additional stations are not independent weather replicates.
direct_episode_wind,Dallas,episode_vs_wind_only,0.9830796572904046,True,estimable,168,67,57,67,22,10,12,12,1137.4667314402348,1.9984014443252818e-15,delete_year_jackknife_diagnostic_t_df_5,0.3895573615629524,-0.0183094202817291,1.9844687348625385,6,0,,5000,4552,448,Weather is common to sites within a city-date; additional stations are not independent weather replicates.
direct_episode_wind,Denver,episode_vs_wind_only,,False,contrast_not_in_within_design_row_space_after_adjustment,64,26,15,26,6,4,9,12,4.991353616549349e+17,0.16089959999539657,unavailable_fewer_than_3_blocks_or_nonidentifiable_deletion,,,,6,6,2019;2020;2021;2022;2023;2024,5000,0,5000,Weather is common to sites within a city-date; additional stations are not independent weather replicates.
direct_episode_wind,Houston,episode_vs_wind_only,-1.3161655372689485,True,estimable,792,288,100,374,46,18,12,12,5420.281925359631,3.885780586188048e-15,delete_year_jackknife_diagnostic_t_df_5,0.6219267674186599,-2.9148791886913665,0.2825481141534696,6,0,,5000,4986,14,Weather is common to sites within a city-date; additional stations are not independent weather replicates.
direct_episode_wind,Los Angeles,episode_vs_wind_only,-1.4821826531103124,True,estimable,886,314,124,360,50,18,12,12,177294.74328448757,2.886579864025407e-15,delete_year_jackknife_diagnostic_t_df_5,2.545578019064768,-8.025799270113277,5.061433963892652,6,0,,5000,4998,2,Weather is common to sites within a city-date; additional stations are not independent weather replicates.
direct_episode_wind,New York,episode_vs_wind_only,2.235670040266544,True,estimable,607,251,75,276,34,19,12,12,13176.848977989295,2.4424906541753444e-15,delete_year_jackknife_diagnostic_t_df_5,1.402854831427527,-1.3704831074357018,5.841823187968789,6,0,,5000,4989,11,Weather is common to sites within a city-date; additional stations are not independent weather replicates.
direct_episode_wind,Philadelphia,episode_vs_wind_only,-0.946636941694567,True,estimable,256,110,59,113,26,12,12,12,5072.189938951689,1.3322676295501878e-15,delete_year_jackknife_diagnostic_t_df_5,1.25392218921229,-4.169946544585002,2.276672661195868,6,0,,5000,4657,343,Weather is common to sites within a city-date; additional stations are not independent weather replicates.
direct_episode_wind,Phoenix,episode_vs_wind_only,-3.540907325342083,True,estimable,118,42,25,52,11,7,12,12,7469.822084110689,5.329070518200751e-15,unavailable_fewer_than_3_blocks_or_nonidentifiable_deletion,,,,6,1,2021,5000,3324,1676,Weather is common to sites within a city-date; additional stations are not independent weather replicates.
direct_episode_wind,San Diego,episode_vs_wind_only,0.4115646725783941,True,estimable_but_ill_conditioned_no_sample_or_model_change,473,182,119,190,48,21,12,12,77973003391.13947,7.008282842946301e-14,delete_year_jackknife_diagnostic_t_df_5,0.8117658961781336,-1.6751459949261505,2.4982753400829387,6,0,,5000,5000,0,Weather is common to sites within a city-date; additional stations are not independent weather replicates.
direct_episode_wind,Seattle,episode_vs_wind_only,-9.327293738744627,True,estimable_but_ill_conditioned_no_sample_or_model_change,52,22,26,22,11,8,12,12,19309323207.24713,8.221689995480119e-11,unavailable_fewer_than_3_blocks_or_nonidentifiable_deletion,,,,6,2,2019;2022,5000,1749,3251,Weather is common to sites within a city-date; additional stations are not independent weather replicates.
persistent_wind_comparator,Atlanta,episode_vs_persistent_wind_only,1.1130815084840568,True,estimable,181,70,62,94,32,11,12,12,4723.381356593765,1.9984014443252818e-15,delete_year_jackknife_diagnostic_t_df_5,1.4834059247562374,-2.7001348165696166,4.92629783353773,6,0,,5000,4949,51,Weather is common to sites within a city-date; additional stations are not independent weather replicates.
persistent_wind_comparator,Chicago,episode_vs_persistent_wind_only,3.1043800125408865,True,estimable,90,42,29,46,15,10,12,12,8939.798501444597,5.329070518200751e-15,unavailable_fewer_than_3_blocks_or_nonidentifiable_deletion,,,,6,2,2023;2024,5000,1847,3153,Weather is common to sites within a city-date; additional stations are not independent weather replicates.
persistent_wind_comparator,Dallas,episode_vs_persistent_wind_only,-0.9955054800646854,True,estimable,137,55,48,55,19,8,12,12,2050.469730649308,5.051514762044462e-15,delete_year_jackknife_diagnostic_t_df_5,1.597922923585526,-5.103097122180513,3.112086162051142,6,0,,5000,4127,873,Weather is common to sites within a city-date; additional stations are not independent weather replicates.
persistent_wind_comparator,Denver,episode_vs_persistent_wind_only,,False,contrast_not_in_within_design_row_space_after_adjustment,52,22,12,22,5,3,7,12,2.0664372723474253e+17,0.3707395859804501,unavailable_fewer_than_3_blocks_or_nonidentifiable_deletion,,,,6,6,2019;2020;2021;2022;2023;2024,5000,0,5000,Weather is common to sites within a city-date; additional stations are not independent weather replicates.
persistent_wind_comparator,Houston,episode_vs_persistent_wind_only,-1.1920032897483372,True,estimable,656,240,82,326,40,14,12,12,4868.036389508772,2.886579864025407e-15,delete_year_jackknife_diagnostic_t_df_5,1.7872162195743309,-5.786188840140715,3.4021822606440413,6,0,,5000,4874,126,Weather is common to sites within a city-date; additional stations are not independent weather replicates.
persistent_wind_comparator,Los Angeles,episode_vs_persistent_wind_only,-1.859409506870275,True,estimable_but_ill_conditioned_no_sample_or_model_change,775,276,109,322,45,16,12,12,13459651.544445105,9.18709552877317e-15,delete_year_jackknife_diagnostic_t_df_5,2.812351923017671,-9.08879027559636,5.369971261855809,6,0,,5000,4984,16,Weather is common to sites within a city-date; additional stations are not independent weather replicates.
persistent_wind_comparator,New York,episode_vs_persistent_wind_only,1.7111416490899298,True,estimable,333,155,41,164,20,10,12,12,24033.986844391187,3.1086244689504383e-15,delete_year_jackknife_diagnostic_t_df_5,5.551915545307831,-12.560511604665264,15.982794902845123,6,0,,5000,3926,1074,Weather is common to sites within a city-date; additional stations are not independent weather replicates.
persistent_wind_comparator,Philadelphia,episode_vs_persistent_wind_only,-1.3646304605069544,True,estimable,193,85,44,85,19,8,12,12,6029.216429033956,3.1086244689504383e-15,delete_year_jackknife_diagnostic_t_df_5,2.1524181891978684,-6.897597560352203,4.168336639338294,6,0,,5000,4009,991,Weather is common to sites within a city-date; additional stations are not independent weather replicates.
persistent_wind_comparator,Phoenix,episode_vs_persistent_wind_only,63.56700048351195,True,estimable_but_ill_conditioned_no_sample_or_model_change,97,34,20,44,9,5,12,12,48615455.354937226,2.944489096989855e-11,unavailable_fewer_than_3_blocks_or_nonidentifiable_deletion,,,,6,1,2021,5000,3324,1676,Weather is common to sites within a city-date; additional stations are not independent weather replicates.
persistent_wind_comparator,San Diego,episode_vs_persistent_wind_only,0.6857195927827799,True,estimable_but_ill_conditioned_no_sample_or_model_change,377,146,97,154,40,17,11,12,3.1929152841012454e+18,1.7763568394002505e-15,delete_year_jackknife_diagnostic_t_df_5,0.9999429209210768,-1.88471551641006,3.25615470197562,6,0,,5000,4996,4,Weather is common to sites within a city-date; additional stations are not independent weather replicates.
persistent_wind_comparator,Seattle,episode_vs_persistent_wind_only,,False,contrast_not_in_within_design_row_space_after_adjustment,32,14,16,14,7,5,9,12,1.0597651236654196e+18,0.016823807866739315,unavailable_fewer_than_3_blocks_or_nonidentifiable_deletion,,,,6,6,2019;2020;2021;2022;2023;2024,5000,0,5000,Weather is common to sites within a city-date; additional stations are not independent weather replicates.
direct_wind_spline,Atlanta,episode_vs_wind_only,0.2718246846483119,True,estimable,276,101,95,137,47,20,15,15,2047.6032073328893,1.2663481374630692e-15,delete_year_jackknife_diagnostic_t_df_5,0.5894458102153819,-1.2433940081832793,1.787043377479903,6,0,,5000,4999,1,Weather is common to sites within a city-date; additional stations are not independent weather replicates.
direct_wind_spline,Chicago,episode_vs_wind_only,-0.1341717371532387,True,estimable,133,61,43,65,21,12,15,15,12627.850711535986,3.1437272731821616e-15,delete_year_jackknife_diagnostic_t_df_5,1.325375290334656,-3.5411573838887125,3.272813909582235,6,0,,5000,3510,1490,Weather is common to sites within a city-date; additional stations are not independent weather replicates.
direct_wind_spline,Dallas,episode_vs_wind_only,0.4165451277072237,True,estimable,168,67,57,67,22,10,15,15,1249.615845720631,5.7289242794134054e-15,delete_year_jackknife_diagnostic_t_df_5,1.640257144960951,-3.7998700949020794,4.632960350316526,6,0,,5000,4058,942,Weather is common to sites within a city-date; additional stations are not independent weather replicates.
direct_wind_spline,Denver,episode_vs_wind_only,,False,contrast_not_in_within_design_row_space_after_adjustment,64,26,15,26,6,4,9,15,2.714255902290694e+18,0.171688473066123,unavailable_fewer_than_3_blocks_or_nonidentifiable_deletion,,,,6,6,2019;2020;2021;2022;2023;2024,5000,0,5000,Weather is common to sites within a city-date; additional stations are not independent weather replicates.
direct_wind_spline,Houston,episode_vs_wind_only,-1.269550332891068,True,estimable,792,288,100,374,46,18,15,15,5702.537614557151,2.0747292772682613e-15,delete_year_jackknife_diagnostic_t_df_5,0.5273279208049749,-2.6250899075362017,0.0859892417540655,6,0,,5000,4978,22,Weather is common to sites within a city-date; additional stations are not independent weather replicates.
direct_wind_spline,Los Angeles,episode_vs_wind_only,-1.859402693530188,True,estimable,886,314,124,360,50,18,15,15,201401.34703658536,3.0574600912306922e-15,delete_year_jackknife_diagnostic_t_df_5,2.3704275722773245,-7.952780753517766,4.23397536645739,6,0,,5000,4984,16,Weather is common to sites within a city-date; additional stations are not independent weather replicates.
direct_wind_spline,New York,episode_vs_wind_only,2.53465622401382,True,estimable,607,251,75,276,34,19,15,15,16484.45357367524,6.079344171355184e-15,delete_year_jackknife_diagnostic_t_df_5,0.6457959665187823,0.8745848429534404,4.194727605074199,6,0,,5000,4892,108,Weather is common to sites within a city-date; additional stations are not independent weather replicates.
direct_wind_spline,Philadelphia,episode_vs_wind_only,-0.8400771738479402,True,estimable,256,110,59,113,26,12,15,15,5537.26591036204,3.3792413312028202e-15,delete_year_jackknife_diagnostic_t_df_5,1.1749634352625338,-3.8604168380706554,2.1802624903747736,6,0,,5000,4184,816,Weather is common to sites within a city-date; additional stations are not independent weather replicates.
direct_wind_spline,Phoenix,episode_vs_wind_only,-8.14366704849331,True,estimable,118,42,25,52,11,7,15,15,42216.36050356261,1.9622814421077162e-14,unavailable_fewer_than_3_blocks_or_nonidentifiable_deletion,,,,6,1,2021,5000,2353,2647,Weather is common to sites within a city-date; additional stations are not independent weather replicates.
direct_wind_spline,San Diego,episode_vs_wind_only,0.3711932875071759,True,estimable_but_ill_conditioned_no_sample_or_model_change,473,182,119,190,48,21,15,15,79140881122.03026,2.0373633335957209e-13,delete_year_jackknife_diagnostic_t_df_5,0.7972220872035838,-1.6781313288264263,2.4205179038407785,6,0,,5000,4996,4,Weather is common to sites within a city-date; additional stations are not independent weather replicates.
direct_wind_spline,Seattle,episode_vs_wind_only,-9.824615965017845,True,estimable_but_ill_conditioned_no_sample_or_model_change,52,22,26,22,11,8,15,15,82908036143.53073,5.5241522385422475e-11,unavailable_fewer_than_3_blocks_or_nonidentifiable_deletion,,,,6,5,2019;2020;2021;2022;2023,5000,262,4738,Weather is common to sites within a city-date; additional stations are not independent weather replicates.
extension_2025,Atlanta,episode_vs_reference,1.5333601310274425,True,estimable,558,146,210,39,13,4,15,15,428.46254129772746,5.162970745375972e-15,unavailable_fewer_than_3_blocks_or_nonidentifiable_deletion,,,,0,0,,5000,5000,0,Weather is common to sites within a city-date; additional stations are not independent weather replicates.
extension_2025,Atlanta,heat_only_vs_reference,0.0461365537491186,True,estimable,558,146,210,39,13,4,15,15,428.46254129772746,4.576200529626817e-15,unavailable_fewer_than_3_blocks_or_nonidentifiable_deletion,,,,0,0,,5000,5000,0,Weather is common to sites within a city-date; additional stations are not independent weather replicates.
extension_2025,Atlanta,wind_only_vs_reference,2.193490301767609,True,estimable,558,146,210,39,13,4,15,15,428.46254129772746,1.0503879704956485e-15,unavailable_fewer_than_3_blocks_or_nonidentifiable_deletion,,,,0,0,,5000,5000,0,Weather is common to sites within a city-date; additional stations are not independent weather replicates.
extension_2025,Atlanta,other_compound_vs_reference,1.9658083754969031,True,estimable,558,146,210,39,13,4,15,15,428.46254129772746,3.1178943975251894e-15,unavailable_fewer_than_3_blocks_or_nonidentifiable_deletion,,,,0,0,,5000,5000,0,Weather is common to sites within a city-date; additional stations are not independent weather replicates.
extension_2025,Atlanta,episode_vs_wind_only,-0.6601301707401666,True,estimable,558,146,210,39,13,4,15,15,428.46254129772746,5.0434916659680695e-15,unavailable_fewer_than_3_blocks_or_nonidentifiable_deletion,,,,0,0,,5000,5000,0,Weather is common to sites within a city-date; additional stations are not independent weather replicates.
extension_2025,Atlanta,episode_vs_heat_only,1.4872235772783235,True,estimable,558,146,210,39,13,4,15,15,428.46254129772746,8.826273045769994e-15,unavailable_fewer_than_3_blocks_or_nonidentifiable_deletion,,,,0,0,,5000,5000,0,Weather is common to sites within a city-date; additional stations are not independent weather replicates.
extension_2025,Chicago,episode_vs_reference,4.825023870966827,True,estimable,760,191,214,46,14,4,15,15,199.4431181009296,1.27675647831893e-15,unavailable_fewer_than_3_blocks_or_nonidentifiable_deletion,,,,0,0,,5000,5000,0,Weather is common to sites within a city-date; additional stations are not independent weather replicates.
extension_2025,Chicago,heat_only_vs_reference,-1.2070654715630988,True,estimable,760,191,214,46,14,4,15,15,199.4431181009296,1.3322676295501878e-15,unavailable_fewer_than_3_blocks_or_nonidentifiable_deletion,,,,0,0,,5000,5000,0,Weather is common to sites within a city-date; additional stations are not independent weather replicates.
extension_2025,Chicago,wind_only_vs_reference,3.415405259962492,True,estimable,760,191,214,46,14,4,15,15,199.4431181009296,7.450637329320386e-16,unavailable_fewer_than_3_blocks_or_nonidentifiable_deletion,,,,0,0,,5000,5000,0,Weather is common to sites within a city-date; additional stations are not independent weather replicates.
extension_2025,Chicago,other_compound_vs_reference,5.546360123690997,True,estimable,760,191,214,46,14,4,15,15,199.4431181009296,2.4089044767708134e-15,unavailable_fewer_than_3_blocks_or_nonidentifiable_deletion,,,,0,0,,5000,5000,0,Weather is common to sites within a city-date; additional stations are not independent weather replicates.
extension_2025,Chicago,episode_vs_wind_only,1.409618611004336,True,estimable,760,191,214,46,14,4,15,15,199.4431181009296,1.0456045751450205e-15,unavailable_fewer_than_3_blocks_or_nonidentifiable_deletion,,,,0,0,,5000,5000,0,Weather is common to sites within a city-date; additional stations are not independent weather replicates.
extension_2025,Chicago,episode_vs_heat_only,6.032089342529926,True,estimable,760,191,214,46,14,4,15,15,199.4431181009296,5.793976409762536e-16,unavailable_fewer_than_3_blocks_or_nonidentifiable_deletion,,,,0,0,,5000,5000,0,Weather is common to sites within a city-date; additional stations are not independent weather replicates.
extension_2025,Dallas,episode_vs_reference,1.279176519522487,True,estimable,626,147,214,18,6,2,15,15,270.9966402181383,5.2024357044544445e-15,unavailable_fewer_than_3_blocks_or_nonidentifiable_deletion,,,,0,0,,5000,5000,0,Weather is common to sites within a city-date; additional stations are not independent weather replicates.
extension_2025,Dallas,heat_only_vs_reference,-0.7521978616425522,True,estimable,626,147,214,18,6,2,15,15,270.9966402181383,1.0772632785815972e-15,unavailable_fewer_than_3_blocks_or_nonidentifiable_deletion,,,,0,0,,5000,5000,0,Weather is common to sites within a city-date; additional stations are not independent weather replicates.
extension_2025,Dallas,wind_only_vs_reference,3.2010076969678884,True,estimable,626,147,214,18,6,2,15,15,270.9966402181383,1.044241330259878e-15,unavailable_fewer_than_3_blocks_or_nonidentifiable_deletion,,,,0,0,,5000,5000,0,Weather is common to sites within a city-date; additional stations are not independent weather replicates.
extension_2025,Dallas,other_compound_vs_reference,1.2815392689839644,True,estimable,626,147,214,18,6,2,15,15,270.9966402181383,3.344546861683284e-15,unavailable_fewer_than_3_blocks_or_nonidentifiable_deletion,,,,0,0,,5000,5000,0,Weather is common to sites within a city-date; additional stations are not independent weather replicates.
extension_2025,Dallas,episode_vs_wind_only,-1.9218311774454016,True,estimable,626,147,214,18,6,2,15,15,270.9966402181383,5.7245874707234634e-15,unavailable_fewer_than_3_blocks_or_nonidentifiable_deletion,,,,0,0,,5000,5000,0,Weather is common to sites within a city-date; additional stations are not independent weather replicates.
extension_2025,Dallas,episode_vs_heat_only,2.031374381165039,True,estimable,626,147,214,18,6,2,15,15,270.9966402181383,4.6629367034256575e-15,unavailable_fewer_than_3_blocks_or_nonidentifiable_deletion,,,,0,0,,5000,5000,0,Weather is common to sites within a city-date; additional stations are not independent weather replicates.
extension_2025,Denver,episode_vs_reference,,False,no_retained_episode_station_days_in_this_city_and_specification,1010,243,214,0,0,0,14,15,inf,1.0,unavailable_fewer_than_3_blocks_or_nonidentifiable_deletion,,,,0,0,,5000,0,5000,Weather is common to sites within a city-date; additional stations are not independent weather replicates.
extension_2025,Denver,heat_only_vs_reference,0.3621623378675275,True,estimable_but_ill_conditioned_no_sample_or_model_change,1010,243,214,0,0,0,14,15,inf,1.1969591984239969e-15,unavailable_fewer_than_3_blocks_or_nonidentifiable_deletion,,,,0,0,,5000,5000,0,Weather is common to sites within a city-date; additional stations are not independent weather replicates.
extension_2025,Denver,wind_only_vs_reference,1.6964011166557154,True,estimable_but_ill_conditioned_no_sample_or_model_change,1010,243,214,0,0,0,14,15,inf,1.5970794065138038e-15,unavailable_fewer_than_3_blocks_or_nonidentifiable_deletion,,,,0,0,,5000,5000,0,Weather is common to sites within a city-date; additional stations are not independent weather replicates.
extension_2025,Denver,other_compound_vs_reference,2.948369182811668,True,estimable_but_ill_conditioned_no_sample_or_model_change,1010,243,214,0,0,0,14,15,inf,9.103828801926284e-15,unavailable_fewer_than_3_blocks_or_nonidentifiable_deletion,,,,0,0,,5000,5000,0,Weather is common to sites within a city-date; additional stations are not independent weather replicates.
extension_2025,Denver,episode_vs_wind_only,,False,no_retained_episode_station_days_in_this_city_and_specification,1010,243,214,0,0,0,14,15,inf,1.0,unavailable_fewer_than_3_blocks_or_nonidentifiable_deletion,,,,0,0,,5000,0,5000,Weather is common to sites within a city-date; additional stations are not independent weather replicates.
extension_2025,Denver,episode_vs_heat_only,,False,no_retained_episode_station_days_in_this_city_and_specification,1010,243,214,0,0,0,14,15,inf,1.0,unavailable_fewer_than_3_blocks_or_nonidentifiable_deletion,,,,0,0,,5000,0,5000,Weather is common to sites within a city-date; additional stations are not independent weather replicates.
extension_2025,Houston,episode_vs_reference,1.237818588551316,True,estimable,2037,476,214,40,4,2,15,15,767.466264538291,9.56179579958416e-15,unavailable_fewer_than_3_blocks_or_nonidentifiable_deletion,,,,0,0,,5000,5000,0,Weather is common to sites within a city-date; additional stations are not independent weather replicates.
extension_2025,Houston,heat_only_vs_reference,0.521661292553388,True,estimable,2037,476,214,40,4,2,15,15,767.466264538291,7.466249840604178e-15,unavailable_fewer_than_3_blocks_or_nonidentifiable_deletion,,,,0,0,,5000,5000,0,Weather is common to sites within a city-date; additional stations are not independent weather replicates.
extension_2025,Houston,wind_only_vs_reference,3.542454981325914,True,estimable,2037,476,214,40,4,2,15,15,767.466264538291,2.220446049250313e-15,unavailable_fewer_than_3_blocks_or_nonidentifiable_deletion,,,,0,0,,5000,5000,0,Weather is common to sites within a city-date; additional stations are not independent weather replicates.
extension_2025,Houston,other_compound_vs_reference,3.187652427846932,True,estimable,2037,476,214,40,4,2,15,15,767.466264538291,4.829470157119431e-15,unavailable_fewer_than_3_blocks_or_nonidentifiable_deletion,,,,0,0,,5000,5000,0,Weather is common to sites within a city-date; additional stations are not independent weather replicates.
extension_2025,Houston,episode_vs_wind_only,-2.304636392774598,True,estimable,2037,476,214,40,4,2,15,15,767.466264538291,7.327471962526033e-15,unavailable_fewer_than_3_blocks_or_nonidentifiable_deletion,,,,0,0,,5000,5000,0,Weather is common to sites within a city-date; additional stations are not independent weather replicates.
extension_2025,Houston,episode_vs_heat_only,0.716157295997928,True,estimable,2037,476,214,40,4,2,15,15,767.466264538291,5.2024357044544445e-15,unavailable_fewer_than_3_blocks_or_nonidentifiable_deletion,,,,0,0,,5000,5000,0,Weather is common to sites within a city-date; additional stations are not independent weather replicates.
extension_2025,Los Angeles,episode_vs_reference,1.806742903683083,True,estimable,1488,343,214,61,9,4,15,15,900.1438245945639,4.992534163861251e-15,unavailable_fewer_than_3_blocks_or_nonidentifiable_deletion,,,,0,0,,5000,5000,0,Weather is common to sites within a city-date; additional stations are not independent weather replicates.
extension_2025,Los Angeles,heat_only_vs_reference,0.7210709122748451,True,estimable,1488,343,214,61,9,4,15,15,900.1438245945639,4.4825254619240695e-15,unavailable_fewer_than_3_blocks_or_nonidentifiable_deletion,,,,0,0,,5000,5000,0,Weather is common to sites within a city-date; additional stations are not independent weather replicates.
extension_2025,Los Angeles,wind_only_vs_reference,2.873531184663538,True,estimable,1488,343,214,61,9,4,15,15,900.1438245945639,1.1379786002407855e-15,unavailable_fewer_than_3_blocks_or_nonidentifiable_deletion,,,,0,0,,5000,5000,0,Weather is common to sites within a city-date; additional stations are not independent weather replicates.
extension_2025,Los Angeles,other_compound_vs_reference,1.4304760475977667,True,estimable,1488,343,214,61,9,4,15,15,900.1438245945639,5.662137425588298e-15,unavailable_fewer_than_3_blocks_or_nonidentifiable_deletion,,,,0,0,,5000,5000,0,Weather is common to sites within a city-date; additional stations are not independent weather replicates.
extension_2025,Los Angeles,episode_vs_wind_only,-1.066788280980455,True,estimable,1488,343,214,61,9,4,15,15,900.1438245945639,4.385380947269368e-15,unavailable_fewer_than_3_blocks_or_nonidentifiable_deletion,,,,0,0,,5000,5000,0,Weather is common to sites within a city-date; additional stations are not independent weather replicates.
extension_2025,Los Angeles,episode_vs_heat_only,1.085671991408238,True,estimable,1488,343,214,61,9,4,15,15,900.1438245945639,7.722988915048745e-15,unavailable_fewer_than_3_blocks_or_nonidentifiable_deletion,,,,0,0,,5000,5000,0,Weather is common to sites within a city-date; additional stations are not independent weather replicates.
extension_2025,New York,episode_vs_reference,4.223523162381873,True,estimable,1574,374,214,55,7,3,15,15,458.8064821803909,3.094746681142624e-15,unavailable_fewer_than_3_blocks_or_nonidentifiable_deletion,,,,0,0,,5000,5000,0,Weather is common to sites within a city-date; additional stations are not independent weather replicates.
extension_2025,New York,heat_only_vs_reference,0.3450208429435895,True,estimable,1574,374,214,55,7,3,15,15,458.8064821803909,2.886579864025407e-15,unavailable_fewer_than_3_blocks_or_nonidentifiable_deletion,,,,0,0,,5000,5000,0,Weather is common to sites within a city-date; additional stations are not independent weather replicates.
extension_2025,New York,wind_only_vs_reference,3.685446623770864,True,estimable,1574,374,214,55,7,3,15,15,458.8064821803909,1.4918621893400541e-15,unavailable_fewer_than_3_blocks_or_nonidentifiable_deletion,,,,0,0,,5000,5000,0,Weather is common to sites within a city-date; additional stations are not independent weather replicates.
extension_2025,New York,other_compound_vs_reference,1.9223086392673647,True,estimable,1574,374,214,55,7,3,15,15,458.8064821803909,1.880440247958859e-15,unavailable_fewer_than_3_blocks_or_nonidentifiable_deletion,,,,0,0,,5000,5000,0,Weather is common to sites within a city-date; additional stations are not independent weather replicates.
extension_2025,New York,episode_vs_wind_only,0.5380765386110098,True,estimable,1574,374,214,55,7,3,15,15,458.8064821803909,2.456368441983159e-15,unavailable_fewer_than_3_blocks_or_nonidentifiable_deletion,,,,0,0,,5000,5000,0,Weather is common to sites within a city-date; additional stations are not independent weather replicates.
extension_2025,New York,episode_vs_heat_only,3.878502319438284,True,estimable,1574,374,214,55,7,3,15,15,458.8064821803909,2.3939183968479938e-15,unavailable_fewer_than_3_blocks_or_nonidentifiable_deletion,,,,0,0,,5000,5000,0,Weather is common to sites within a city-date; additional stations are not independent weather replicates.
extension_2025,Philadelphia,episode_vs_reference,1.1134242885077388,True,estimable,1006,238,214,45,10,4,15,15,361.6225989163661,4.9960036108132044e-15,unavailable_fewer_than_3_blocks_or_nonidentifiable_deletion,,,,0,0,,5000,5000,0,Weather is common to sites within a city-date; additional stations are not independent weather replicates.
extension_2025,Philadelphia,heat_only_vs_reference,1.1563427942474664,True,estimable,1006,238,214,45,10,4,15,15,361.6225989163661,3.2968851566117847e-15,unavailable_fewer_than_3_blocks_or_nonidentifiable_deletion,,,,0,0,,5000,5000,0,Weather is common to sites within a city-date; additional stations are not independent weather replicates.
extension_2025,Philadelphia,wind_only_vs_reference,1.2037626313288676,True,estimable,1006,238,214,45,10,4,15,15,361.6225989163661,1.7763568394002505e-15,unavailable_fewer_than_3_blocks_or_nonidentifiable_deletion,,,,0,0,,5000,5000,0,Weather is common to sites within a city-date; additional stations are not independent weather replicates.
extension_2025,Philadelphia,other_compound_vs_reference,0.9631377771931564,True,estimable,1006,238,214,45,10,4,15,15,361.6225989163661,8.288508768217184e-15,unavailable_fewer_than_3_blocks_or_nonidentifiable_deletion,,,,0,0,,5000,5000,0,Weather is common to sites within a city-date; additional stations are not independent weather replicates.
extension_2025,Philadelphia,episode_vs_wind_only,-0.0903383428211288,True,estimable,1006,238,214,45,10,4,15,15,361.6225989163661,4.713792305680517e-15,unavailable_fewer_than_3_blocks_or_nonidentifiable_deletion,,,,0,0,,5000,5000,0,Weather is common to sites within a city-date; additional stations are not independent weather replicates.
extension_2025,Philadelphia,episode_vs_heat_only,-0.0429185057397276,True,estimable,1006,238,214,45,10,4,15,15,361.6225989163661,6.857128168784e-15,unavailable_fewer_than_3_blocks_or_nonidentifiable_deletion,,,,0,0,,5000,5000,0,Weather is common to sites within a city-date; additional stations are not independent weather replicates.
extension_2025,Phoenix,episode_vs_reference,1.5194168035384288,True,estimable,971,237,214,9,2,1,15,15,674.5860798059122,2.1163626406917047e-14,unavailable_fewer_than_3_blocks_or_nonidentifiable_deletion,,,,0,0,,5000,5000,0,Weather is common to sites within a city-date; additional stations are not independent weather replicates.
extension_2025,Phoenix,heat_only_vs_reference,0.5727666094421279,True,estimable,971,237,214,9,2,1,15,15,674.5860798059122,3.3861802251067274e-15,unavailable_fewer_than_3_blocks_or_nonidentifiable_deletion,,,,0,0,,5000,5000,0,Weather is common to sites within a city-date; additional stations are not independent weather replicates.
extension_2025,Phoenix,wind_only_vs_reference,3.8653346818878,True,estimable,971,237,214,9,2,1,15,15,674.5860798059122,9.957312752106873e-16,unavailable_fewer_than_3_blocks_or_nonidentifiable_deletion,,,,0,0,,5000,5000,0,Weather is common to sites within a city-date; additional stations are not independent weather replicates.
extension_2025,Phoenix,other_compound_vs_reference,2.407376357849808,True,estimable,971,237,214,9,2,1,15,15,674.5860798059122,4.333772923859058e-15,unavailable_fewer_than_3_blocks_or_nonidentifiable_deletion,,,,0,0,,5000,5000,0,Weather is common to sites within a city-date; additional stations are not independent weather replicates.
extension_2025,Phoenix,episode_vs_wind_only,-2.3459178783493715,True,estimable,971,237,214,9,2,1,15,15,674.5860798059122,2.1045665210550624e-14,unavailable_fewer_than_3_blocks_or_nonidentifiable_deletion,,,,0,0,,5000,5000,0,Weather is common to sites within a city-date; additional stations are not independent weather replicates.
extension_2025,Phoenix,episode_vs_heat_only,0.9466501940963008,True,estimable,971,237,214,9,2,1,15,15,674.5860798059122,1.7486012637846216e-14,unavailable_fewer_than_3_blocks_or_nonidentifiable_deletion,,,,0,0,,5000,5000,0,Weather is common to sites within a city-date; additional stations are not independent weather replicates.
extension_2025,San Diego,episode_vs_reference,0.9484025486263444,True,estimable,868,210,214,24,6,2,15,15,1589.5447927783418,1.4469328513122548e-14,unavailable_fewer_than_3_blocks_or_nonidentifiable_deletion,,,,0,0,,5000,5000,0,Weather is common to sites within a city-date; additional stations are not independent weather replicates.
extension_2025,San Diego,heat_only_vs_reference,0.650541141709505,True,estimable,868,210,214,24,6,2,15,15,1589.5447927783418,1.8596235662471372e-15,unavailable_fewer_than_3_blocks_or_nonidentifiable_deletion,,,,0,0,,5000,5000,0,Weather is common to sites within a city-date; additional stations are not independent weather replicates.
extension_2025,San Diego,wind_only_vs_reference,1.32568818878822,True,estimable,868,210,214,24,6,2,15,15,1589.5447927783418,1.4016565685892601e-15,unavailable_fewer_than_3_blocks_or_nonidentifiable_deletion,,,,0,0,,5000,5000,0,Weather is common to sites within a city-date; additional stations are not independent weather replicates.
extension_2025,San Diego,other_compound_vs_reference,0.8101141240744214,True,estimable,868,210,214,24,6,2,15,15,1589.5447927783418,5.88418203051333e-15,unavailable_fewer_than_3_blocks_or_nonidentifiable_deletion,,,,0,0,,5000,5000,0,Weather is common to sites within a city-date; additional stations are not independent weather replicates.
extension_2025,San Diego,episode_vs_wind_only,-0.3772856401618756,True,estimable,868,210,214,24,6,2,15,15,1589.5447927783418,1.3947176746853529e-14,unavailable_fewer_than_3_blocks_or_nonidentifiable_deletion,,,,0,0,,5000,5000,0,Weather is common to sites within a city-date; additional stations are not independent weather replicates.
extension_2025,San Diego,episode_vs_heat_only,0.2978614069168395,True,estimable,868,210,214,24,6,2,15,15,1589.5447927783418,1.6042722705833512e-14,unavailable_fewer_than_3_blocks_or_nonidentifiable_deletion,,,,0,0,,5000,5000,0,Weather is common to sites within a city-date; additional stations are not independent weather replicates.
extension_2025,Seattle,episode_vs_reference,9.557770952782846,True,estimable,549,139,211,19,8,3,15,15,1702.4716474526483,3.868235196159868e-15,unavailable_fewer_than_3_blocks_or_nonidentifiable_deletion,,,,0,0,,5000,5000,0,Weather is common to sites within a city-date; additional stations are not independent weather replicates.
extension_2025,Seattle,heat_only_vs_reference,0.4750518340997738,True,estimable,549,139,211,19,8,3,15,15,1702.4716474526483,1.2490009027033011e-15,unavailable_fewer_than_3_blocks_or_nonidentifiable_deletion,,,,0,0,,5000,5000,0,Weather is common to sites within a city-date; additional stations are not independent weather replicates.
extension_2025,Seattle,wind_only_vs_reference,1.6870868696678347,True,estimable,549,139,211,19,8,3,15,15,1702.4716474526483,8.326672684688674e-16,unavailable_fewer_than_3_blocks_or_nonidentifiable_deletion,,,,0,0,,5000,5000,0,Weather is common to sites within a city-date; additional stations are not independent weather replicates.
extension_2025,Seattle,other_compound_vs_reference,6.1873424214012855,True,estimable,549,139,211,19,8,3,15,15,1702.4716474526483,5.056135170724714e-15,unavailable_fewer_than_3_blocks_or_nonidentifiable_deletion,,,,0,0,,5000,5000,0,Weather is common to sites within a city-date; additional stations are not independent weather replicates.
extension_2025,Seattle,episode_vs_wind_only,7.8706840831150116,True,estimable,549,139,211,19,8,3,15,15,1702.4716474526483,3.570241074651848e-15,unavailable_fewer_than_3_blocks_or_nonidentifiable_deletion,,,,0,0,,5000,5000,0,Weather is common to sites within a city-date; additional stations are not independent weather replicates.
extension_2025,Seattle,episode_vs_heat_only,9.082719118683071,True,estimable,549,139,211,19,8,3,15,15,1702.4716474526483,3.679348492546808e-15,unavailable_fewer_than_3_blocks_or_nonidentifiable_deletion,,,,0,0,,5000,5000,0,Weather is common to sites within a city-date; additional stations are not independent weather replicates.
p80_p30_min3_sep7,Atlanta,episode_vs_reference,2.694290074149659,True,estimable,3701,868,1284,226,76,15,15,15,232.1528261073762,2.0174834025610267e-15,delete_year_jackknife_diagnostic_t_df_5,0.4735227487392434,1.4770610974799814,3.911519050819337,6,0,,5000,5000,0,Weather is common to sites within a city-date; additional stations are not independent weather replicates.
p80_p30_min3_sep7,Atlanta,heat_only_vs_reference,-0.0016385516179628,True,estimable,3701,868,1284,226,76,15,15,15,232.1528261073762,1.5265566588595902e-15,delete_year_jackknife_diagnostic_t_df_5,0.2368521403538942,-0.6104863613432664,0.6072092581073406,6,0,,5000,5000,0,Weather is common to sites within a city-date; additional stations are not independent weather replicates.
p80_p30_min3_sep7,Atlanta,wind_only_vs_reference,1.8710793657731584,True,estimable,3701,868,1284,226,76,15,15,15,232.1528261073762,3.353220479063168e-15,delete_year_jackknife_diagnostic_t_df_5,0.240079037708232,1.2539365523233317,2.4882221792229857,6,0,,5000,5000,0,Weather is common to sites within a city-date; additional stations are not independent weather replicates.
p80_p30_min3_sep7,Atlanta,other_compound_vs_reference,1.34885222705369,True,estimable,3701,868,1284,226,76,15,15,15,232.1528261073762,2.6575963651964685e-15,delete_year_jackknife_diagnostic_t_df_5,0.5269597719795444,-0.0057409909079808,2.703445445015361,6,0,,5000,5000,0,Weather is common to sites within a city-date; additional stations are not independent weather replicates.
p80_p30_min3_sep7,Atlanta,episode_vs_wind_only,0.8232107083765003,True,estimable,3701,868,1284,226,76,15,15,15,232.1528261073762,5.370920722058692e-15,delete_year_jackknife_diagnostic_t_df_5,0.347928081333138,-0.0711668976062585,1.7175883143592592,6,0,,5000,5000,0,Weather is common to sites within a city-date; additional stations are not independent weather replicates.
p80_p30_min3_sep7,Atlanta,episode_vs_heat_only,2.6959286257676216,True,estimable,3701,868,1284,226,76,15,15,15,232.1528261073762,2.220446049250313e-15,delete_year_jackknife_diagnostic_t_df_5,0.323293142441173,1.8648771462225584,3.526980105312685,6,0,,5000,5000,0,Weather is common to sites within a city-date; additional stations are not independent weather replicates.
p80_p30_min3_sep7,Chicago,episode_vs_reference,5.27827206769998,True,estimable,4644,1108,1284,69,20,6,15,15,152.55754686182493,3.6001370283653444e-15,delete_year_jackknife_diagnostic_t_df_5,1.055543909202717,2.5649100679869283,7.991634067413032,6,0,,5000,4929,71,Weather is common to sites within a city-date; additional stations are not independent weather replicates.
p80_p30_min3_sep7,Chicago,heat_only_vs_reference,0.5143474586511969,True,estimable,4644,1108,1284,69,20,6,15,15,152.55754686182493,1.8260310411439844e-15,delete_year_jackknife_diagnostic_t_df_5,0.4635214087709015,-0.6771722551638377,1.7058671724662315,6,0,,5000,5000,0,Weather is common to sites within a city-date; additional stations are not independent weather replicates.
p80_p30_min3_sep7,Chicago,wind_only_vs_reference,4.398349681482845,True,estimable,4644,1108,1284,69,20,6,15,15,152.55754686182493,2.2412627309620348e-15,delete_year_jackknife_diagnostic_t_df_5,0.397372139184693,3.376872078506728,5.419827284458962,6,0,,5000,5000,0,Weather is common to sites within a city-date; additional stations are not independent weather replicates.
p80_p30_min3_sep7,Chicago,other_compound_vs_reference,4.444823497197082,True,estimable,4644,1108,1284,69,20,6,15,15,152.55754686182493,1.4849232954361469e-15,delete_year_jackknife_diagnostic_t_df_5,0.3918528260090795,3.437533740415385,5.452113253978779,6,0,,5000,5000,0,Weather is common to sites within a city-date; additional stations are not independent weather replicates.
p80_p30_min3_sep7,Chicago,episode_vs_wind_only,0.8799223862171353,True,estimable,4644,1108,1284,69,20,6,15,15,152.55754686182493,4.246603069191224e-15,delete_year_jackknife_diagnostic_t_df_5,0.9775665970532196,-1.6329925512926753,3.392837323726946,6,0,,5000,4929,71,Weather is common to sites within a city-date; additional stations are not independent weather replicates.
p80_p30_min3_sep7,Chicago,episode_vs_heat_only,4.763924609048783,True,estimable,4644,1108,1284,69,20,6,15,15,152.55754686182493,2.886579864025407e-15,delete_year_jackknife_diagnostic_t_df_5,1.2093259693034188,1.6552532389941352,7.872595979103432,6,0,,5000,4929,71,Weather is common to sites within a city-date; additional stations are not independent weather replicates.
p80_p30_min3_sep7,Dallas,episode_vs_reference,2.1239320927706213,True,estimable,4519,1109,1284,118,35,8,15,15,169.45499062818286,2.869666310134633e-15,delete_year_jackknife_diagnostic_t_df_5,0.7428598172005227,0.2143501402508445,4.033514045290398,6,0,,5000,5000,0,Weather is common to sites within a city-date; additional stations are not independent weather replicates.
p80_p30_min3_sep7,Dallas,heat_only_vs_reference,-1.0669382952162407,True,estimable,4519,1109,1284,118,35,8,15,15,169.45499062818286,1.2455314557513475e-15,delete_year_jackknife_diagnostic_t_df_5,0.5616659649677817,-2.510746622457563,0.3768700320250813,6,0,,5000,5000,0,Weather is common to sites within a city-date; additional stations are not independent weather replicates.
p80_p30_min3_sep7,Dallas,wind_only_vs_reference,3.061525358105716,True,estimable,4519,1109,1284,118,35,8,15,15,169.45499062818286,2.633310236532793e-15,delete_year_jackknife_diagnostic_t_df_5,0.1824746361654647,2.5924593729144263,3.5305913432970044,6,0,,5000,5000,0,Weather is common to sites within a city-date; additional stations are not independent weather replicates.
p80_p30_min3_sep7,Dallas,other_compound_vs_reference,1.896131318829107,True,estimable,4519,1109,1284,118,35,8,15,15,169.45499062818286,1.4458920172266687e-15,delete_year_jackknife_diagnostic_t_df_5,0.5303009777713843,0.5329492579498094,3.2593133797084044,6,0,,5000,5000,0,Weather is common to sites within a city-date; additional stations are not independent weather replicates.
p80_p30_min3_sep7,Dallas,episode_vs_wind_only,-0.937593265335094,True,estimable,4519,1109,1284,118,35,8,15,15,169.45499062818286,5.3915205633359164e-15,delete_year_jackknife_diagnostic_t_df_5,0.7330804471726344,-2.8220365468972157,0.946850016227027,6,0,,5000,5000,0,Weather is common to sites within a city-date; additional stations are not independent weather replicates.
p80_p30_min3_sep7,Dallas,episode_vs_heat_only,3.190870387986862,True,estimable,4519,1109,1284,118,35,8,15,15,169.45499062818286,1.797173521111972e-15,delete_year_jackknife_diagnostic_t_df_5,0.43571230653957,2.070836247233042,4.310904528740682,6,0,,5000,5000,0,Weather is common to sites within a city-date; additional stations are not independent weather replicates.
p80_p30_min3_sep7,Denver,episode_vs_reference,,False,no_retained_episode_station_days_in_this_city_and_specification,6040,1461,1284,0,0,0,14,15,inf,1.0,unavailable_fewer_than_3_blocks_or_nonidentifiable_deletion,,,,6,6,2019;2020;2021;2022;2023;2024,5000,0,5000,Weather is common to sites within a city-date; additional stations are not independent weather replicates.
p80_p30_min3_sep7,Denver,heat_only_vs_reference,0.4408833240263248,True,estimable_but_ill_conditioned_no_sample_or_model_change,6040,1461,1284,0,0,0,14,15,inf,1.790234627208065e-15,delete_year_jackknife_diagnostic_t_df_5,0.4885255912250214,-0.8149116870202067,1.6966783350728565,6,0,,5000,5000,0,Weather is common to sites within a city-date; additional stations are not independent weather replicates.
p80_p30_min3_sep7,Denver,wind_only_vs_reference,1.2918987697167843,True,estimable_but_ill_conditioned_no_sample_or_model_change,6040,1461,1284,0,0,0,14,15,inf,2.3175905639050143e-15,delete_year_jackknife_diagnostic_t_df_5,0.2442762660601124,0.6639666373055957,1.919830902127973,6,0,,5000,5000,0,Weather is common to sites within a city-date; additional stations are not independent weather replicates.
p80_p30_min3_sep7,Denver,other_compound_vs_reference,1.0873531157759764,True,estimable_but_ill_conditioned_no_sample_or_model_change,6040,1461,1284,0,0,0,14,15,inf,1.887379141862766e-15,delete_year_jackknife_diagnostic_t_df_5,0.4382249200434536,-0.0391399036109019,2.2138461351628544,6,0,,5000,5000,0,Weather is common to sites within a city-date; additional stations are not independent weather replicates.
p80_p30_min3_sep7,Denver,episode_vs_wind_only,,False,no_retained_episode_station_days_in_this_city_and_specification,6040,1461,1284,0,0,0,14,15,inf,1.0,unavailable_fewer_than_3_blocks_or_nonidentifiable_deletion,,,,6,6,2019;2020;2021;2022;2023;2024,5000,0,5000,Weather is common to sites within a city-date; additional stations are not independent weather replicates.
p80_p30_min3_sep7,Denver,episode_vs_heat_only,,False,no_retained_episode_station_days_in_this_city_and_specification,6040,1461,1284,0,0,0,14,15,inf,1.0,unavailable_fewer_than_3_blocks_or_nonidentifiable_deletion,,,,6,6,2019;2020;2021;2022;2023;2024,5000,0,5000,Weather is common to sites within a city-date; additional stations are not independent weather replicates.
p80_p30_min3_sep7,Houston,episode_vs_reference,1.9296551822339232,True,estimable,10963,2687,1284,480,55,11,15,15,479.56632765998353,4.649058915617843e-15,delete_year_jackknife_diagnostic_t_df_5,0.702980727436875,0.1225856934822893,3.736724670985557,6,0,,5000,5000,0,Weather is common to sites within a city-date; additional stations are not independent weather replicates.
p80_p30_min3_sep7,Houston,heat_only_vs_reference,-1.2844981544478022,True,estimable,10963,2687,1284,480,55,11,15,15,479.56632765998353,1.5126788710517758e-15,delete_year_jackknife_diagnostic_t_df_5,0.6283382637106116,-2.899693081777561,0.3306967728819565,6,0,,5000,5000,0,Weather is common to sites within a city-date; additional stations are not independent weather replicates.
p80_p30_min3_sep7,Houston,wind_only_vs_reference,3.6453227834111592,True,estimable,10963,2687,1284,480,55,11,15,15,479.56632765998353,5.724587470723463e-16,delete_year_jackknife_diagnostic_t_df_5,0.2386591382730739,3.03182993765778,4.2588156291645385,6,0,,5000,5000,0,Weather is common to sites within a city-date; additional stations are not independent weather replicates.
p80_p30_min3_sep7,Houston,other_compound_vs_reference,1.5275523764995946,True,estimable,10963,2687,1284,480,55,11,15,15,479.56632765998353,4.53109771925142e-15,delete_year_jackknife_diagnostic_t_df_5,0.2653815352080466,0.8453674225805109,2.2097373304186783,6,0,,5000,5000,0,Weather is common to sites within a city-date; additional stations are not independent weather replicates.
p80_p30_min3_sep7,Houston,episode_vs_wind_only,-1.715667601177236,True,estimable,10963,2687,1284,480,55,11,15,15,479.56632765998353,4.676814491233472e-15,delete_year_jackknife_diagnostic_t_df_5,0.8582037225076709,-3.921750501530923,0.490415299176451,6,0,,5000,5000,0,Weather is common to sites within a city-date; additional stations are not independent weather replicates.
p80_p30_min3_sep7,Houston,episode_vs_heat_only,3.2141533366817256,True,estimable,10963,2687,1284,480,55,11,15,15,479.56632765998353,4.470382397592232e-15,delete_year_jackknife_diagnostic_t_df_5,0.8216148711658258,1.1021250729741832,5.326181600389268,6,0,,5000,5000,0,Weather is common to sites within a city-date; additional stations are not independent weather replicates.
p80_p30_min3_sep7,Los Angeles,episode_vs_reference,3.3255739614458086,True,estimable,9253,2148,1284,483,65,15,15,15,808.9202453787673,1.8023250208621673e-15,delete_year_jackknife_diagnostic_t_df_5,0.3429112344502231,2.4440925709324395,4.207055351959178,6,0,,5000,5000,0,Weather is common to sites within a city-date; additional stations are not independent weather replicates.
p80_p30_min3_sep7,Los Angeles,heat_only_vs_reference,0.9015071340594768,True,estimable,9253,2148,1284,483,65,15,15,15,808.9202453787673,6.494804694057166e-15,delete_year_jackknife_diagnostic_t_df_5,0.3464060837114451,0.0110419475169235,1.7919723206020302,6,0,,5000,5000,0,Weather is common to sites within a city-date; additional stations are not independent weather replicates.
p80_p30_min3_sep7,Los Angeles,wind_only_vs_reference,2.380095750359386,True,estimable,9253,2148,1284,483,65,15,15,15,808.9202453787673,1.6237011735142914e-15,delete_year_jackknife_diagnostic_t_df_5,0.4368874396184829,1.2570408338584569,3.503150666860315,6,0,,5000,5000,0,Weather is common to sites within a city-date; additional stations are not independent weather replicates.
p80_p30_min3_sep7,Los Angeles,other_compound_vs_reference,2.8753548535307654,True,estimable,9253,2148,1284,483,65,15,15,15,808.9202453787673,8.18789480661053e-15,delete_year_jackknife_diagnostic_t_df_5,0.6520181902330073,1.1992887372133336,4.551420969848197,6,0,,5000,5000,0,Weather is common to sites within a city-date; additional stations are not independent weather replicates.
p80_p30_min3_sep7,Los Angeles,episode_vs_wind_only,0.9454782110864226,True,estimable,9253,2148,1284,483,65,15,15,15,808.9202453787673,2.310651670001107e-15,delete_year_jackknife_diagnostic_t_df_5,0.6173692826619795,-0.6415200528042835,2.5324764749771287,6,0,,5000,5000,0,Weather is common to sites within a city-date; additional stations are not independent weather replicates.
p80_p30_min3_sep7,Los Angeles,episode_vs_heat_only,2.424066827386332,True,estimable,9253,2148,1284,483,65,15,15,15,808.9202453787673,7.813194535799539e-15,delete_year_jackknife_diagnostic_t_df_5,0.5654497101312498,0.9705320735571216,3.8776015812155418,6,0,,5000,5000,0,Weather is common to sites within a city-date; additional stations are not independent weather replicates.
p80_p30_min3_sep7,New York,episode_vs_reference,5.358978420436273,True,estimable,10742,2527,1284,241,30,8,15,15,218.4660689110932,3.1917173549432164e-15,delete_year_jackknife_diagnostic_t_df_5,0.8531974117656657,3.1657646515395355,7.55219218933301,6,0,,5000,4993,7,Weather is common to sites within a city-date; additional stations are not independent weather replicates.
p80_p30_min3_sep7,New York,heat_only_vs_reference,1.132905142436934,True,estimable,10742,2527,1284,241,30,8,15,15,218.4660689110932,1.3375647496546788e-15,delete_year_jackknife_diagnostic_t_df_5,0.1635071161124995,0.7125967197608648,1.553213565113003,6,0,,5000,5000,0,Weather is common to sites within a city-date; additional stations are not independent weather replicates.
p80_p30_min3_sep7,New York,wind_only_vs_reference,4.3431101229221625,True,estimable,10742,2527,1284,241,30,8,15,15,218.4660689110932,5.585741530202864e-16,delete_year_jackknife_diagnostic_t_df_5,0.2638343830134286,3.664902250331529,5.0213179955127965,6,0,,5000,5000,0,Weather is common to sites within a city-date; additional stations are not independent weather replicates.
p80_p30_min3_sep7,New York,other_compound_vs_reference,3.712748785124509,True,estimable,10742,2527,1284,241,30,8,15,15,218.4660689110932,1.8821749714348357e-15,delete_year_jackknife_diagnostic_t_df_5,0.512729638381825,2.3947352901078136,5.030762280141204,6,0,,5000,5000,0,Weather is common to sites within a city-date; additional stations are not independent weather replicates.
p80_p30_min3_sep7,New York,episode_vs_wind_only,1.0158682975141105,True,estimable,10742,2527,1284,241,30,8,15,15,218.4660689110932,3.4646260700170342e-15,delete_year_jackknife_diagnostic_t_df_5,0.7401289496691527,-0.8866937365339975,2.9184303315622184,6,0,,5000,4993,7,Weather is common to sites within a city-date; additional stations are not independent weather replicates.
p80_p30_min3_sep7,New York,episode_vs_heat_only,4.226073277999339,True,estimable,10742,2527,1284,241,30,8,15,15,218.4660689110932,2.1094237467877974e-15,delete_year_jackknife_diagnostic_t_df_5,0.8618027948710856,2.010738667603117,6.44140788839556,6,0,,5000,4993,7,Weather is common to sites within a city-date; additional stations are not independent weather replicates.
p80_p30_min3_sep7,Philadelphia,episode_vs_reference,1.6337019083907462,True,estimable,5975,1435,1284,84,18,5,15,15,166.9051189649232,8.219119829178112e-15,delete_year_jackknife_diagnostic_t_df_5,1.0010404369952357,-0.9395544556866448,4.206958272468137,6,0,,5000,4914,86,Weather is common to sites within a city-date; additional stations are not independent weather replicates.
p80_p30_min3_sep7,Philadelphia,heat_only_vs_reference,0.87348887506753,True,estimable,5975,1435,1284,84,18,5,15,15,166.9051189649232,1.4742810208448544e-15,delete_year_jackknife_diagnostic_t_df_5,0.2600286517723854,0.2050639460764356,1.5419138040586244,6,0,,5000,5000,0,Weather is common to sites within a city-date; additional stations are not independent weather replicates.
p80_p30_min3_sep7,Philadelphia,wind_only_vs_reference,1.968790296986456,True,estimable,5975,1435,1284,84,18,5,15,15,166.9051189649232,6.817463260588852e-16,delete_year_jackknife_diagnostic_t_df_5,0.1936789416986038,1.47092272751076,2.4666578664621515,6,0,,5000,5000,0,Weather is common to sites within a city-date; additional stations are not independent weather replicates.
p80_p30_min3_sep7,Philadelphia,other_compound_vs_reference,2.10782595841321,True,estimable,5975,1435,1284,84,18,5,15,15,166.9051189649232,1.7737551661495292e-15,delete_year_jackknife_diagnostic_t_df_5,0.2747984956441239,1.4014339370502409,2.8142179797761804,6,0,,5000,5000,0,Weather is common to sites within a city-date; additional stations are not independent weather replicates.
p80_p30_min3_sep7,Philadelphia,episode_vs_wind_only,-0.3350883885957094,True,estimable,5975,1435,1284,84,18,5,15,15,166.9051189649232,7.695233339433116e-15,delete_year_jackknife_diagnostic_t_df_5,0.9531112541689696,-2.7851388659030096,2.1149620887115903,6,0,,5000,4914,86,Weather is common to sites within a city-date; additional stations are not independent weather replicates.
p80_p30_min3_sep7,Philadelphia,episode_vs_heat_only,0.7602130333232162,True,estimable,5975,1435,1284,84,18,5,15,15,166.9051189649232,8.18789480661053e-15,delete_year_jackknife_diagnostic_t_df_5,1.0759236197151811,-2.005536680048702,3.525962746695135,6,0,,5000,4914,86,Weather is common to sites within a city-date; additional stations are not independent weather replicates.
p80_p30_min3_sep7,Phoenix,episode_vs_reference,,False,no_retained_episode_station_days_in_this_city_and_specification,5991,1414,1284,0,0,0,14,15,inf,1.0,unavailable_fewer_than_3_blocks_or_nonidentifiable_deletion,,,,6,6,2019;2020;2021;2022;2023;2024,5000,0,5000,Weather is common to sites within a city-date; additional stations are not independent weather replicates.
p80_p30_min3_sep7,Phoenix,heat_only_vs_reference,-0.0906888107529378,True,estimable_but_ill_conditioned_no_sample_or_model_change,5991,1414,1284,0,0,0,14,15,inf,1.465841337200402e-15,delete_year_jackknife_diagnostic_t_df_5,0.3870667612858564,-1.0856755964929377,0.904297974987062,6,0,,5000,5000,0,Weather is common to sites within a city-date; additional stations are not independent weather replicates.
p80_p30_min3_sep7,Phoenix,wind_only_vs_reference,3.1722478153979656,True,estimable_but_ill_conditioned_no_sample_or_model_change,5991,1414,1284,0,0,0,14,15,inf,1.3565537582138631e-15,delete_year_jackknife_diagnostic_t_df_5,0.158219116393533,2.7655326287463216,3.5789630020496097,6,0,,5000,5000,0,Weather is common to sites within a city-date; additional stations are not independent weather replicates.
p80_p30_min3_sep7,Phoenix,other_compound_vs_reference,2.4437816951404376,True,estimable_but_ill_conditioned_no_sample_or_model_change,5991,1414,1284,0,0,0,14,15,inf,2.192690473634684e-15,delete_year_jackknife_diagnostic_t_df_5,0.5361824146484134,1.0654809194576074,3.822082470823268,6,0,,5000,5000,0,Weather is common to sites within a city-date; additional stations are not independent weather replicates.
p80_p30_min3_sep7,Phoenix,episode_vs_wind_only,,False,no_retained_episode_station_days_in_this_city_and_specification,5991,1414,1284,0,0,0,14,15,inf,1.0,unavailable_fewer_than_3_blocks_or_nonidentifiable_deletion,,,,6,6,2019;2020;2021;2022;2023;2024,5000,0,5000,Weather is common to sites within a city-date; additional stations are not independent weather replicates.
p80_p30_min3_sep7,Phoenix,episode_vs_heat_only,,False,no_retained_episode_station_days_in_this_city_and_specification,5991,1414,1284,0,0,0,14,15,inf,1.0,unavailable_fewer_than_3_blocks_or_nonidentifiable_deletion,,,,6,6,2019;2020;2021;2022;2023;2024,5000,0,5000,Weather is common to sites within a city-date; additional stations are not independent weather replicates.
p80_p30_min3_sep7,San Diego,episode_vs_reference,2.944424923503126,True,estimable,5051,1198,1284,177,44,12,15,15,656.0418022528208,6.328271240363392e-15,delete_year_jackknife_diagnostic_t_df_5,0.7292774655839391,1.069757517334165,4.819092329672087,6,0,,5000,5000,0,Weather is common to sites within a city-date; additional stations are not independent weather replicates.
p80_p30_min3_sep7,San Diego,heat_only_vs_reference,0.7319556221263214,True,estimable,5051,1198,1284,177,44,12,15,15,656.0418022528208,1.0255685189974884e-14,delete_year_jackknife_diagnostic_t_df_5,0.2767939009209368,0.0204342482040434,1.4434769960485991,6,0,,5000,5000,0,Weather is common to sites within a city-date; additional stations are not independent weather replicates.
p80_p30_min3_sep7,San Diego,wind_only_vs_reference,1.1735699053384638,True,estimable,5051,1198,1284,177,44,12,15,15,656.0418022528208,1.5959455978986625e-15,delete_year_jackknife_diagnostic_t_df_5,0.149842512909553,0.7883874634470667,1.558752347229861,6,0,,5000,5000,0,Weather is common to sites within a city-date; additional stations are not independent weather replicates.
p80_p30_min3_sep7,San Diego,other_compound_vs_reference,1.6761279438898469,True,estimable,5051,1198,1284,177,44,12,15,15,656.0418022528208,3.0808688933348094e-15,delete_year_jackknife_diagnostic_t_df_5,0.4357750724345842,0.5559324582664054,2.796323429513288,6,0,,5000,5000,0,Weather is common to sites within a city-date; additional stations are not independent weather replicates.
p80_p30_min3_sep7,San Diego,episode_vs_wind_only,1.7708550181646625,True,estimable,5051,1198,1284,177,44,12,15,15,656.0418022528208,8.465450562766819e-15,delete_year_jackknife_diagnostic_t_df_5,0.8035993868431148,-0.2948629687827289,3.8365730051120535,6,0,,5000,5000,0,Weather is common to sites within a city-date; additional stations are not independent weather replicates.
p80_p30_min3_sep7,San Diego,episode_vs_heat_only,2.212469301376805,True,estimable,5051,1198,1284,177,44,12,15,15,656.0418022528208,1.5931700403370996e-14,delete_year_jackknife_diagnostic_t_df_5,0.631145297416678,0.590058664190213,3.8348799385633967,6,0,,5000,5000,0,Weather is common to sites within a city-date; additional stations are not independent weather replicates.
p80_p30_min3_sep7,Seattle,episode_vs_reference,4.653999924582645,True,estimable,2447,587,1282,44,23,6,15,15,515.2414962924169,1.7051790420096165e-14,delete_year_jackknife_diagnostic_t_df_5,4.165941558266185,-6.054893773418855,15.362893622584146,6,0,,5000,4991,9,Weather is common to sites within a city-date; additional stations are not independent weather replicates.
p80_p30_min3_sep7,Seattle,heat_only_vs_reference,3.7276816258005536,True,estimable,2447,587,1282,44,23,6,15,15,515.2414962924169,4.0197336965884926e-15,delete_year_jackknife_diagnostic_t_df_5,0.8172625706455232,1.6268413067537315,5.828521944847376,6,0,,5000,5000,0,Weather is common to sites within a city-date; additional stations are not independent weather replicates.
p80_p30_min3_sep7,Seattle,wind_only_vs_reference,3.720850803121561,True,estimable,2447,587,1282,44,23,6,15,15,515.2414962924169,9.992007221626409e-16,delete_year_jackknife_diagnostic_t_df_5,0.1643615935637045,3.298345876230463,4.143355730012658,6,0,,5000,5000,0,Weather is common to sites within a city-date; additional stations are not independent weather replicates.
p80_p30_min3_sep7,Seattle,other_compound_vs_reference,7.943789638975234,True,estimable,2447,587,1282,44,23,6,15,15,515.2414962924169,1.5126788710517758e-15,delete_year_jackknife_diagnostic_t_df_5,0.8724977759152203,5.7009627045744855,10.186616573375982,6,0,,5000,5000,0,Weather is common to sites within a city-date; additional stations are not independent weather replicates.
p80_p30_min3_sep7,Seattle,episode_vs_wind_only,0.933149121461084,True,estimable,2447,587,1282,44,23,6,15,15,515.2414962924169,1.7830806388894083e-14,delete_year_jackknife_diagnostic_t_df_5,4.128459176956458,-9.679393047989237,11.545691290911403,6,0,,5000,4991,9,Weather is common to sites within a city-date; additional stations are not independent weather replicates.
p80_p30_min3_sep7,Seattle,episode_vs_heat_only,0.9263182987820912,True,estimable,2447,587,1282,44,23,6,15,15,515.2414962924169,2.0953562185570447e-14,delete_year_jackknife_diagnostic_t_df_5,4.176170503491855,-9.808869740014234,11.661506337578416,6,0,,5000,4991,9,Weather is common to sites within a city-date; additional stations are not independent weather replicates.
